account_id,customer_id,account_type,balance,opened_date
1,17,Savings,,2020-05-17
2,81,Checking,3940.23,2016-06-04
3,99,,,2018-03-25
4,58,,2525.43,2019-06-14
5,80,Checking,,2017-05-06
6,38,,9448.55,2016-06-12
7,60,,,2022-04-26
8,2,Savings,7064.05,2015-09-19
9,40,,2088.57,2023-08-26
10,81,Checking,8376.34,2021-12-03
11,53,,5529.63,2019-01-25
12,14,Checking,,2018-10-13
13,61,Savings,8219.28,2023-01-11
14,2,Checking,2585.54,2020-07-06
15,56,,1313.97,2022-02-13
16,54,Savings,5519.88,2017-12-25
17,72,Checking,,2019-04-15
18,22,Checking,9223.48,2021-11-25
19,81,,3103.66,2020-08-26
20,84,Checking,3111.39,2018-06-09
21,1,,5731.87,2020-06-25
22,81,Savings,9951.69,2021-07-04
23,46,Checking,9040.01,2017-06-30
24,91,,647.9,2022-05-19
25,53,Savings,,2014-11-26
26,3,Checking,6410.35,2019-10-16
27,70,,3183.21,2018-03-05
28,65,Savings,5087.28,2018-09-07
29,40,Checking,6399.93,2016-03-17
30,58,Checking,5525.36,2016-03-26
31,26,Checking,2930.56,2021-02-19
32,15,,2565.49,2018-12-05
33,40,,,2020-06-22
34,5,Savings,9497.46,2024-03-28
35,18,Checking,206.62,2023-09-18
36,81,Checking,8260.54,2021-03-27
37,32,,9795.49,2019-07-03
38,22,Checking,4481.04,2016-04-05
39,10,Checking,7958.25,2021-05-01
40,73,Savings,3282.13,2015-08-17
41,89,Checking,2609.48,2020-10-07
42,18,,6017.92,2015-04-11
43,3,Checking,8542.23,2019-03-26
44,22,Savings,6247.62,2022-12-27
45,24,Checking,14.25,2022-02-09
46,37,Savings,3568.18,2022-03-05
47,56,,1564.03,2021-10-09
48,89,Checking,383.91,2023-11-07
49,25,Checking,4557.63,2020-03-03
50,4,Savings,4426.79,2019-07-10
51,36,,9771.08,2016-01-29
52,5,Savings,7284.3,2021-03-05
53,25,Checking,,2017-11-27
54,11,Checking,3658.96,2017-02-12
55,64,Savings,6765.82,2021-02-22
56,30,Savings,2430.41,2017-05-12
57,67,,5335.83,2022-06-13
58,27,Savings,9557.58,2023-11-09
59,78,Checking,6919.72,2016-05-14
60,3,,315.1,2023-08-23
61,35,,1493.5,2020-06-09
62,40,Checking,402.57,2015-10-24
63,18,Checking,5718.23,2017-07-24
64,35,,8695.46,2014-12-29
65,72,Checking,,2016-01-21
66,85,,9751.37,2021-11-29
67,59,Savings,3771.22,2021-07-31
68,5,Savings,1975.91,2019-12-21
69,83,Savings,4655.51,2022-05-31
70,70,Savings,8173.04,2018-01-03
71,88,Checking,8566.02,2024-01-11
72,39,Checking,2998.42,2021-10-24
73,92,,1631.25,2017-05-23
74,43,,,2023-02-27
75,18,Checking,9171.53,2020-08-01
76,74,,1900.58,2019-10-19
77,23,Checking,2356.76,2020-10-06
78,98,Checking,2827.7,2020-11-30
79,89,Savings,1625.41,2016-12-07
80,11,Checking,1185.4,2020-06-10
81,30,Checking,3714.07,2024-05-17
82,14,Savings,6053.54,2021-10-27
83,85,Savings,4466.33,2022-01-25
84,27,Savings,5381.36,2023-09-02
85,98,Checking,6765.32,2024-05-30
86,25,Checking,6803.08,2022-10-23
87,78,,62.81,2016-04-05
88,77,Savings,7504.92,2022-02-16
89,67,Savings,2328.92,2019-12-29
90,18,Checking,4325.88,2017-10-19
91,6,Savings,4627.34,2021-02-28
92,65,Savings,2618.8,2021-05-31
93,60,Savings,8880.2,2016-01-22
94,47,,8117.47,2019-07-11
95,55,,5973.09,2016-12-11
96,32,Savings,8871.59,2014-12-05
97,99,Checking,,2020-07-30
98,28,Savings,,2018-12-14
99,3,Checking,3952.53,2024-01-09
100,37,,718.78,2021-04-29
101,30,Savings,3011.08,2023-09-30
102,62,Savings,1737.76,2020-12-08
103,64,,3900.06,2023-12-05
104,18,,9173.07,2020-07-16
105,40,Savings,4598.13,2019-09-08
106,81,,7094.35,2022-07-25
107,88,,6283.18,2017-12-02
108,18,Checking,4077.7,2016-03-19
109,46,,9523.96,2015-05-19
110,96,,8668.64,2016-07-15
111,14,Checking,3705.05,2018-09-07
112,4,Savings,9425.17,2023-04-16
113,80,,2802.1,2023-06-26
114,79,Savings,6932.52,2018-02-13
115,92,,5755.63,2022-03-19
116,85,Savings,8689.7,2019-08-14
117,66,Checking,9172.35,2018-10-08
118,43,,4078.9,2023-11-08
119,65,Checking,1648.52,2024-05-11
120,35,Checking,2924.11,2018-03-23
121,60,Checking,1740.52,2020-06-05
122,19,,1032.07,2023-10-16
123,55,,3571.36,2021-09-03
124,37,Checking,5386.1,2021-02-18
125,58,Savings,148.99,2023-04-20
126,5,Checking,3202.98,2015-03-10
127,65,Savings,3743.89,2015-08-24
128,9,Savings,6582.64,2024-08-21
129,94,,6847.73,2017-10-09
130,12,Savings,2890.99,2023-09-21
131,80,,2446.22,2022-02-03
132,99,,799.15,2015-08-19
133,50,,3078.6,2018-05-08
134,19,,709.65,2021-07-12
135,45,,8890.02,2020-08-07
136,80,Savings,,2023-06-07
137,92,,,2021-12-21
138,74,Checking,1175.41,2018-02-26
139,31,Savings,1443.42,2020-09-23
140,73,,2555.48,2019-03-07
141,52,,2228.95,2018-04-01
142,33,,6598.97,2021-03-22
143,100,Savings,304.58,2019-09-16
144,47,Savings,9825.16,2018-11-14
145,8,,6936.36,2023-09-12
146,15,Savings,2237.04,2024-04-23
147,92,Checking,7764.4,2018-02-22
148,19,Savings,1803.78,2015-09-07
149,6,Savings,4209.03,2017-12-23
150,95,Checking,9215.87,2017-03-17
151,74,,7781.25,2016-09-17
152,99,Savings,6310.58,2019-08-01
153,53,Checking,4502.8,2015-10-13
154,34,Savings,3593.57,2019-01-16
155,62,,7209.9,2016-09-15
156,21,Checking,5313.33,2023-06-16
157,40,,2822.09,2018-09-22
158,97,,8325.1,2023-06-23
159,92,Savings,,2018-05-31
160,79,Savings,7860.86,2019-11-22
161,93,Checking,,2015-07-17
162,17,Savings,2513.38,2015-08-08
163,60,,5899.11,2016-08-18
164,55,Checking,6352.51,2021-11-22
165,3,Checking,4391.55,2019-10-27
166,3,,6869.45,2016-11-09
167,38,Savings,619.6,2019-02-07
168,77,Checking,7733.67,2020-07-08
169,75,,,2014-12-20
170,64,Checking,,2022-08-06
171,32,Checking,6704.14,2023-02-03
172,35,,1844.31,2020-12-08
173,36,Checking,5356.92,2021-12-18
174,38,Checking,1095.29,2024-04-23
175,62,Checking,2023.58,2017-07-05
176,11,Savings,500.12,2022-05-30
177,7,Savings,4692.56,2017-06-11
178,53,Savings,2664.0,2021-09-25
179,27,,8922.46,2016-11-29
180,57,,508.56,2024-04-08
181,41,Checking,543.79,2015-12-08
182,78,Savings,5323.62,2021-09-06
183,70,,1708.55,2018-08-05
184,80,Savings,6402.99,2021-11-15
185,47,Savings,7858.02,2024-02-13
186,52,Savings,4368.56,2016-07-29
187,39,Savings,5288.08,2020-03-04
188,37,,4759.69,2015-10-20
189,28,Checking,1970.44,2017-08-28
190,81,,8535.22,2022-07-02
191,37,,2452.1,2023-04-12
192,8,Savings,9156.27,2022-04-09
193,96,Savings,3613.32,2021-10-11
194,52,Savings,9090.33,2023-11-23
195,57,Checking,7644.99,2019-09-30
196,73,,2926.6,2020-09-02
197,65,,9893.1,2019-03-14
198,25,Savings,6302.63,2017-02-02
199,65,Checking,6543.39,2015-03-27
200,74,,9752.39,2020-04-13
201,4,Checking,8316.82,2024-06-22
202,54,Checking,8460.61,2024-04-14
203,96,,5343.13,2022-07-01
204,5,,84.36,2022-01-08
205,31,,5081.63,2016-05-01
206,23,Checking,5831.66,2022-03-04
207,9,Checking,,2022-02-01
208,84,,1409.13,2020-07-11
209,83,,,2023-01-23
210,70,Checking,2066.75,2024-01-23
211,18,Checking,7075.99,2018-04-03
212,79,Savings,2682.08,2020-09-21
213,55,Savings,4471.29,2016-09-20
214,39,,6307.79,2022-07-28
215,63,Savings,5985.53,2021-07-12
216,13,Savings,8811.27,2019-07-16
217,59,Savings,598.13,2020-07-24
218,10,Checking,1754.38,2015-07-03
219,60,,2862.92,2016-09-10
220,91,,5766.91,2017-12-04
221,93,Savings,4790.06,2016-06-22
222,40,Savings,3928.18,2016-05-23
223,41,,9659.57,2022-04-10
224,50,Savings,2078.01,2019-09-13
225,41,,2717.2,2022-02-28
226,39,Savings,2045.98,2016-11-13
227,76,Checking,42.47,2019-08-29
228,31,Checking,473.87,2024-07-20
229,83,Checking,4503.6,2016-05-12
230,11,,6853.54,2016-03-19
231,64,Savings,9443.25,2017-09-09
232,19,,8340.49,2015-08-01
233,15,,9074.64,2022-07-22
234,61,,163.85,2016-07-01
235,91,,643.98,2021-08-28
236,17,Checking,9575.63,2024-07-14
237,41,Checking,2810.18,2022-08-10
238,38,Checking,679.8,2018-08-05
239,24,Checking,6405.0,2018-11-23
240,88,Savings,3363.73,2024-05-08
241,100,,343.41,2016-05-21
242,24,Checking,1928.62,2016-03-26
243,15,,439.61,2017-10-25
244,27,,419.98,2015-05-30
245,92,,8575.1,2023-03-20
246,74,Savings,6458.55,2021-02-17
247,33,Checking,8275.19,2017-11-14
248,26,,7974.68,2018-06-13
249,43,,1883.07,2021-07-01
250,35,Savings,,2021-07-04
251,32,Checking,,2020-08-06
252,12,Checking,2791.09,2017-11-17
253,50,,,2023-04-17
254,40,Checking,4698.45,2023-05-08
255,79,Savings,7068.12,2021-08-21
256,13,Savings,6741.35,2019-06-20
257,91,,107.37,2016-05-09
258,78,Savings,5459.59,2016-05-20
259,22,Savings,2818.64,2023-09-26
260,54,,575.09,2016-01-20
261,46,Savings,9096.75,2021-06-09
262,12,Checking,9996.02,2015-06-11
263,40,,9002.55,2022-12-17
264,91,Checking,7005.87,2024-04-29
265,42,,4331.31,2023-08-22
266,89,Savings,6494.97,2023-02-16
267,86,Savings,9911.48,2018-01-11
268,26,Savings,6787.32,2021-07-12
269,13,Checking,1214.0,2022-09-02
270,92,Savings,487.07,2016-05-04
271,9,Checking,3124.02,2020-09-11
272,81,Savings,,2019-06-30
273,63,Checking,1038.16,2014-12-06
274,88,Checking,5249.4,2024-02-06
275,48,Checking,5691.24,2016-02-25
276,34,Checking,6788.72,2023-07-09
277,75,Savings,4228.75,2020-06-04
278,48,Savings,8361.19,2023-08-17
279,49,,6829.38,2017-09-02
280,24,Checking,6163.61,2015-06-16
281,36,Checking,,2018-01-08
282,41,,964.73,2019-08-05
283,72,Checking,261.45,2019-06-08
284,77,Savings,9170.04,2024-07-09
285,68,,9.72,2017-12-16
286,56,Savings,3875.36,2017-09-24
287,97,,8277.09,2019-01-08
288,49,,7073.67,2023-02-16
289,28,,95.16,2023-03-12
290,11,Checking,5935.87,2018-03-10
291,65,Checking,7341.5,2024-08-20
292,62,,2193.33,2019-10-27
293,21,Checking,5741.41,2015-06-17
294,90,Checking,7480.22,2019-12-19
295,92,,9869.45,2021-06-16
296,47,Savings,,2020-12-19
297,26,Savings,103.27,2024-06-12
298,52,Savings,3846.17,2019-05-31
299,4,,2802.61,2018-09-23
300,89,Checking,208.49,2018-06-13
301,7,Savings,5951.07,2020-10-22
302,63,Checking,6711.54,2016-07-04
303,69,Savings,8343.37,2019-11-15
304,64,Savings,5321.81,2015-07-14
305,59,,816.06,2022-05-04
306,97,Checking,2094.42,2016-07-20
307,18,,,2019-11-11
308,75,Checking,8798.57,2016-10-07
309,50,Checking,4013.64,2017-06-01
310,57,,4620.64,2016-05-29
311,3,,9137.15,2021-01-22
312,40,,7533.41,2021-12-25
313,78,,8157.84,2022-04-08
314,2,,,2019-03-21
315,94,,2823.94,2024-03-31
316,52,,734.62,2017-01-04
317,94,Savings,1132.49,2020-07-01
318,91,Savings,402.66,2015-08-19
319,45,Savings,5928.86,2019-07-03
320,85,,8874.95,2016-12-27
321,71,,355.05,2016-03-31
322,67,,7000.83,2021-02-20
323,55,Savings,2468.66,2024-04-27
324,31,Checking,7881.88,2024-06-27
325,74,,,2015-12-26
326,65,,3118.52,2017-08-02
327,80,Savings,2406.01,2017-12-19
328,45,,1836.29,2020-08-29
329,90,Savings,3062.05,2018-04-26
330,36,Savings,3332.06,2021-06-26
331,55,Checking,9256.61,2023-08-15
332,69,,,2024-05-10
333,13,Checking,3986.02,2023-11-02
334,81,Checking,4638.19,2021-03-18
335,28,Savings,8703.06,2016-08-31
336,90,Checking,2827.69,2023-10-27
337,64,Savings,4789.12,2017-01-29
338,95,Savings,8910.11,2020-05-07
339,5,,4955.37,2017-01-10
340,27,,2066.7,2017-05-01
341,65,Savings,3982.88,2015-05-07
342,56,,6043.1,2018-04-05
343,28,Savings,1983.74,2016-02-07
344,22,Savings,7352.05,2022-01-04
345,58,Checking,565.56,2023-06-13
346,60,Checking,5279.23,2019-06-20
347,6,Checking,2997.23,2019-05-25
348,76,Checking,8908.04,2024-01-19
349,29,Savings,4244.81,2020-08-16
350,72,Savings,7218.05,2020-12-09
351,73,Savings,9940.24,2024-08-02
352,75,Savings,9238.53,2021-12-13
353,46,Savings,9639.79,2023-01-06
354,68,,8189.8,2017-02-25
355,22,Savings,4647.7,2016-11-15
356,19,Checking,3594.71,2017-03-27
357,77,,2603.88,2021-09-29
358,58,Checking,,2015-04-04
359,36,Savings,1351.67,2017-04-26
360,29,Checking,215.76,2020-06-20
361,68,Checking,9459.27,2024-04-24
362,25,,3563.86,2020-05-22
363,31,,2207.02,2024-02-11
364,68,Checking,31.78,2016-08-30
365,48,,1635.53,2016-11-10
366,80,Checking,4592.23,2021-06-23
367,71,Checking,6156.78,2023-10-30
368,22,Savings,238.73,2018-06-12
369,12,Savings,1593.91,2018-08-02
370,5,Checking,760.28,2017-12-14
371,64,,1850.9,2023-10-16
372,67,Checking,9847.61,2019-11-30
373,98,,6988.2,2020-06-09
374,3,Checking,8362.99,2017-09-14
375,84,Checking,1219.2,2018-10-25
376,8,,4048.8,2017-05-01
377,68,Checking,8432.14,2022-11-06
378,75,Savings,2094.14,2015-08-21
379,77,Checking,982.3,2015-06-15
380,81,Checking,1063.82,2018-02-08
381,35,Savings,7346.22,2024-07-09
382,46,,913.16,2024-08-05
383,57,Checking,3939.99,2022-10-06
384,99,Savings,,2018-12-12
385,68,Checking,1862.45,2021-05-08
386,12,Savings,1940.56,2017-11-13
387,3,Savings,174.31,2023-12-02
388,17,Checking,3132.24,2024-04-30
389,1,Savings,286.98,2017-11-03
390,64,,6592.07,2019-04-14
391,67,,5202.98,2019-10-23
392,63,,5694.32,2021-05-20
393,99,Savings,9855.7,2016-09-10
394,8,Savings,9908.49,2018-05-29
395,92,,,2016-08-19
396,2,Savings,2888.51,2019-05-08
397,59,,994.24,2016-04-27
398,58,Savings,4677.82,2016-10-01
399,48,Checking,2105.8,2014-11-15
400,33,Checking,7629.06,2021-07-04
401,89,,,2021-09-11
402,42,Checking,5103.37,2014-10-26
403,99,Savings,2900.77,2020-03-06
404,94,,5198.27,2015-08-05
405,4,Savings,3142.27,2021-12-16
406,18,,2184.51,2018-02-01
407,14,Checking,9252.23,2022-02-18
408,41,Checking,7257.4,2016-07-15
409,41,Savings,4667.97,2018-09-01
410,77,,9702.15,2016-06-01
411,18,Savings,2348.79,2023-10-26
412,79,Savings,3352.73,2023-04-18
413,3,Savings,6054.61,2021-07-23
414,64,,3767.71,2016-09-21
415,82,,2543.6,2018-08-20
416,1,Checking,2264.08,2016-06-06
417,99,Savings,,2017-01-05
418,94,,8320.05,2023-03-09
419,45,Checking,2018.32,2021-04-21
420,53,Checking,6070.06,2016-01-01
421,100,Savings,,2016-02-26
422,96,Checking,3536.97,2020-11-02
423,42,Savings,9357.51,2019-08-22
424,45,,,2023-04-10
425,90,Savings,3521.38,2020-05-24
426,21,,9152.65,2023-12-22
427,26,Savings,4776.99,2023-02-26
428,22,,4595.35,2023-06-06
429,16,Checking,2483.9,2019-07-03
430,55,Savings,6199.43,2019-03-28
431,8,Savings,4739.75,2020-07-03
432,14,,8426.03,2020-01-17
433,72,Savings,545.64,2020-04-14
434,89,Savings,9212.81,2015-03-25
435,72,Checking,2716.89,2018-07-23
436,98,Savings,4094.69,2024-07-15
437,23,Checking,,2018-03-06
438,59,Checking,3323.04,2018-09-25
439,39,,7656.29,2019-09-22
440,60,Savings,7270.48,2023-12-01
441,80,,3062.94,2017-03-06
442,48,Savings,,2022-08-13
443,84,,5471.91,2022-10-24
444,20,,1101.13,2016-05-20
445,62,Checking,9837.76,2021-09-26
446,57,Checking,73.6,2024-05-24
447,14,,2196.65,2022-09-14
448,87,Checking,3514.44,2020-04-26
449,17,Savings,,2015-03-29
450,38,,325.89,2024-02-03
451,47,Checking,8769.79,2023-10-14
452,72,Checking,542.56,2019-03-30
453,9,Checking,,2024-08-25
454,70,Savings,9144.51,2022-01-16
455,6,Savings,6557.8,2020-01-10
456,47,,3384.42,2020-06-14
457,52,Savings,515.34,2019-07-11
458,78,Savings,5856.49,2022-10-30
459,71,,3627.16,2021-11-17
460,10,Checking,2364.9,2020-03-12
461,60,,179.99,2021-01-28
462,6,,7072.49,2022-05-01
463,64,Checking,2579.34,2018-03-23
464,52,Checking,5548.01,2017-12-17
465,83,Savings,7165.18,2019-10-14
466,25,Checking,1444.57,2020-12-16
467,40,Savings,,2015-05-06
468,86,,7034.13,2023-09-27
469,45,,110.13,2024-08-09
470,69,Checking,9336.48,2022-11-01
471,55,,2514.93,2021-05-10
472,82,Savings,4995.26,2020-07-01
473,42,Checking,3349.45,2017-06-22
474,43,,796.05,2023-08-06
475,35,Savings,9294.77,2016-08-24
476,90,,7047.27,2018-08-12
477,29,Savings,6985.72,2016-04-22
478,90,,6372.78,2016-07-03
479,83,Savings,6422.34,2017-12-11
480,27,Savings,,2018-10-26
481,7,Checking,9204.81,2017-10-24
482,93,,7506.0,2018-10-09
483,50,Checking,5448.25,2024-09-14
484,3,Savings,4535.37,2023-04-24
485,71,,,2021-11-21
486,62,,7445.62,2023-09-26
487,65,Checking,102.1,2017-01-15
488,6,Savings,5325.21,2021-09-19
489,70,Savings,2046.29,2017-02-18
490,53,Savings,5252.67,2022-07-07
491,62,Checking,6031.12,2017-04-28
492,89,,3604.48,2016-05-18
493,32,Checking,2117.52,2024-07-15
494,24,,8683.22,2023-06-18
495,3,Checking,7751.96,2020-03-04
496,73,,1111.76,2018-04-27
497,52,Savings,6518.6,2016-03-01
498,45,Checking,2388.79,2017-10-23
499,95,Savings,1635.03,2015-04-11
500,97,Savings,4815.53,2018-09-26
501,59,Savings,4774.47,2021-11-10
502,11,Checking,8429.18,2024-01-19
503,100,Checking,8122.48,2020-08-08
504,60,Savings,9970.91,2015-04-20
505,47,Savings,8488.32,2014-11-16
506,28,Checking,7422.33,2016-05-31
507,61,,,2022-06-21
508,38,Checking,1762.95,2017-11-08
509,16,,4678.35,2021-05-05
510,82,Savings,1345.9,2020-05-30
511,21,Savings,6125.8,2015-10-06
512,26,Savings,2550.24,2020-02-17
513,83,,6239.11,2015-12-30
514,24,,6121.63,2022-01-04
515,67,Savings,4356.13,2014-09-30
516,59,Checking,5878.4,2023-07-09
517,45,,2189.72,2024-05-28
518,85,Savings,,2015-09-28
519,3,Savings,7233.73,2018-04-11
520,21,Checking,5492.75,2017-11-12
521,44,,8404.92,2023-04-26
522,50,Savings,5863.92,2019-12-12
523,49,,,2015-03-10
524,62,Savings,6242.89,2015-12-16
525,7,Checking,5229.63,2024-06-13
526,86,Savings,,2015-06-16
527,86,Savings,9655.59,2023-07-15
528,62,Savings,9154.35,2022-01-26
529,32,Savings,6914.0,2017-11-19
530,15,,3155.06,2015-08-04
531,28,,3835.3,2016-09-02
532,53,Savings,,2015-04-10
533,54,Checking,3482.55,2017-01-07
534,18,Checking,8256.34,2019-09-16
535,53,,,2014-12-28
536,32,Savings,3199.32,2015-11-30
537,23,Savings,6356.55,2017-11-07
538,64,,9410.21,2022-09-30
539,60,Savings,3885.63,2015-02-15
540,92,Savings,,2024-02-16
541,51,,6723.03,2019-02-24
542,11,Checking,5258.82,2022-07-17
543,94,,73.36,2021-05-14
544,6,,1680.2,2019-08-12
545,76,,6657.52,2024-09-13
546,13,Checking,,2021-09-19
547,47,Checking,6816.37,2015-04-26
548,9,,3815.73,2021-12-09
549,58,Savings,,2016-06-10
550,34,,,2018-04-17
551,95,Checking,2119.83,2016-07-13
552,33,Savings,6636.35,2021-07-01
553,54,,1848.42,2021-12-26
554,94,Checking,359.72,2016-03-04
555,2,Checking,9025.18,2024-05-17
556,17,Checking,4143.78,2018-10-17
557,91,Checking,5605.24,2023-06-11
558,28,Checking,,2021-12-24
559,95,,9140.3,2022-10-09
560,100,,1465.3,2018-09-09
561,5,Savings,3159.68,2022-11-14
562,69,Checking,,2020-10-06
563,42,Checking,7213.82,2015-08-13
564,83,,9866.81,2015-08-11
565,91,Checking,4008.01,2018-12-15
566,13,Checking,6324.04,2023-06-27
567,90,Checking,2327.54,2018-05-19
568,90,,8436.69,2018-09-28
569,35,Savings,7278.39,2018-03-28
570,33,,2239.82,2024-09-08
571,47,,6346.0,2017-12-29
572,21,Savings,187.22,2024-04-26
573,45,Savings,3383.03,2016-12-12
574,40,,5634.18,2022-12-10
575,76,Savings,5578.1,2017-10-06
576,74,Savings,4232.99,2018-11-02
577,2,Checking,,2017-03-21
578,82,,6058.05,2015-04-14
579,57,Savings,4982.75,2018-03-19
580,22,,5832.42,2017-05-30
581,42,,4184.58,2018-07-31
582,9,Checking,661.02,2017-10-28
583,43,Checking,967.17,2019-07-05
584,82,Checking,8430.8,2018-06-09
585,36,,7317.61,2017-02-01
586,45,,9972.52,2022-01-22
587,99,Checking,,2023-07-07
588,65,Checking,2970.29,2014-10-01
589,17,,7722.37,2019-12-11
590,16,Checking,3459.55,2024-04-04
591,20,Checking,3522.06,2023-09-16
592,70,Savings,3932.9,2018-02-04
593,70,,4622.77,2024-04-01
594,7,,5184.44,2017-10-05
595,88,Savings,713.97,2017-08-16
596,30,Checking,6710.05,2024-08-01
597,36,Checking,3536.15,2019-05-24
598,92,,5585.93,2018-08-31
599,44,Savings,,2023-12-09
600,18,,6230.74,2021-06-10
601,69,Checking,9690.72,2019-06-01
602,38,Savings,537.58,2020-04-22
603,39,,6162.04,2019-02-10
604,45,Checking,9900.1,2020-04-01
605,5,Checking,8394.13,2015-01-13
606,17,Checking,7810.44,2019-12-28
607,8,Checking,461.61,2024-01-12
608,80,Savings,8710.1,2019-05-18
609,78,Savings,6367.87,2020-06-05
610,72,,5677.71,2023-05-16
611,48,,6725.28,2021-05-18
612,12,Savings,5848.56,2020-03-13
613,20,Checking,6280.45,2020-07-07
614,24,,4798.48,2024-07-12
615,37,,472.15,2020-09-25
616,52,Checking,3421.82,2023-05-11
617,16,,3625.28,2024-01-07
618,88,,4965.59,2017-10-10
619,92,,615.08,2023-05-06
620,2,Checking,5776.93,2021-10-27
621,73,Checking,38.87,2019-06-06
622,13,Checking,7374.54,2015-05-15
623,95,Checking,303.56,2020-08-16
624,38,,,2019-08-11
625,54,Checking,7449.12,2014-12-17
626,10,,151.84,2020-10-08
627,34,,3103.77,2014-10-17
628,70,Savings,4248.14,2017-06-07
629,48,Savings,2826.3,2024-05-26
630,19,Checking,4908.4,2016-01-18
631,32,Savings,9902.85,2023-02-25
632,2,Checking,1139.17,2021-08-10
633,83,Savings,4947.82,2024-01-13
634,99,Savings,4038.3,2022-08-12
635,2,Checking,1890.84,2015-09-19
636,15,Savings,8553.16,2019-09-28
637,55,Savings,,2021-01-16
638,14,Savings,6113.4,2019-07-13
639,67,Checking,6793.83,2022-10-20
640,92,Checking,7716.06,2019-02-07
641,45,,4921.75,2017-04-23
642,30,,,2023-06-28
643,67,Savings,8305.16,2024-03-30
644,20,,5816.75,2021-08-20
645,12,Savings,6856.45,2020-02-26
646,22,Checking,7018.92,2022-09-26
647,74,Savings,8411.05,2018-04-30
648,49,Savings,568.41,2018-09-17
649,15,,2215.65,2017-12-05
650,1,Checking,1670.97,2016-11-16
651,36,Checking,5748.78,2018-02-24
652,88,,3151.0,2020-05-21
653,58,Savings,5444.42,2016-03-04
654,72,Savings,952.74,2023-06-25
655,33,Checking,3926.31,2014-12-31
656,48,Savings,5523.6,2017-11-18
657,42,Checking,3526.22,2015-05-27
658,62,,528.52,2019-04-16
659,36,,311.81,2020-07-29
660,7,Savings,,2021-06-27
661,1,Savings,4396.17,2018-01-06
662,46,Checking,8567.35,2019-01-02
663,42,Checking,3474.26,2023-03-01
664,33,,9411.07,2015-01-14
665,12,Checking,2660.16,2015-02-20
666,69,Checking,8560.61,2022-05-12
667,53,,6598.07,2022-06-20
668,7,Checking,5711.95,2016-11-09
669,35,,2683.8,2014-10-31
670,22,Savings,5908.19,2022-04-08
671,62,Checking,6105.4,2024-02-08
672,97,Savings,5563.4,2018-10-01
673,37,Checking,8921.57,2021-02-06
674,17,Savings,7293.72,2018-02-05
675,100,,825.71,2016-11-09
676,21,Checking,,2017-03-23
677,65,Savings,,2024-02-09
678,60,Checking,2477.86,2019-11-12
679,12,Savings,8263.23,2020-09-03
680,87,Savings,176.08,2018-10-16
681,18,Savings,4503.53,2017-05-25
682,3,Checking,877.9,2015-01-19
683,9,Savings,5048.81,2023-02-08
684,72,Checking,8171.91,2017-02-27
685,75,Checking,,2022-01-24
686,36,Savings,9936.93,2024-01-31
687,7,Savings,9015.64,2017-03-02
688,34,,,2024-02-29
689,85,Savings,5366.65,2020-12-21
690,22,,9353.8,2024-03-24
691,97,Checking,9454.45,2017-08-06
692,14,Savings,5903.1,2024-05-03
693,56,Savings,936.86,2020-02-18
694,95,,,2015-12-14
695,99,Checking,,2023-12-14
696,66,,2886.5,2021-07-03
697,24,,8811.74,2023-08-21
698,38,Savings,6214.48,2023-04-20
699,13,Checking,4167.26,2016-01-11
700,100,Checking,1079.89,2022-06-22
701,71,,6018.1,2023-12-18
702,86,Savings,9021.42,2019-09-03
703,84,,9033.85,2021-12-27
704,19,,2373.45,2014-09-20
705,45,Savings,6796.77,2024-07-17
706,4,,,2015-07-22
707,59,,2557.88,2021-10-27
708,73,Checking,8417.14,2017-06-29
709,73,Checking,2693.18,2014-12-26
710,72,,9897.4,2021-11-11
711,68,,4842.82,2017-05-25
712,60,Checking,,2021-11-13
713,5,Checking,7619.43,2019-06-06
714,11,Savings,1437.93,2021-08-26
715,28,Checking,,2014-10-28
716,64,,4612.71,2020-06-12
717,73,Checking,2019.2,2016-06-17
718,26,,,2023-11-08
719,38,Checking,,2022-07-24
720,86,Checking,2158.63,2018-12-22
721,1,,4507.71,2017-08-15
722,62,Savings,3622.32,2015-11-29
723,51,,7158.65,2018-08-05
724,78,,8877.05,2017-06-03
725,19,,9591.33,2015-01-19
726,10,,5249.56,2015-07-20
727,70,,9894.86,2023-08-30
728,37,Savings,2897.97,2016-01-01
729,89,,2734.93,2022-07-16
730,19,,1105.64,2022-05-05
731,94,,535.3,2015-12-16
732,82,,2978.6,2016-07-07
733,87,,5366.65,2017-09-14
734,78,Checking,3671.48,2015-11-25
735,19,,2507.04,2022-10-07
736,34,,655.09,2014-12-20
737,95,Checking,269.39,2018-09-15
738,46,Savings,969.21,2015-01-07
739,21,Savings,2826.48,2019-01-12
740,65,Checking,5971.38,2018-12-10
741,88,,7857.38,2021-04-23
742,43,Checking,,2018-05-23
743,46,Checking,,2021-12-02
744,76,Checking,8299.37,2018-09-20
745,78,Savings,2383.66,2019-08-18
746,4,Savings,,2018-05-19
747,14,,7171.18,2017-09-25
748,59,Checking,7484.86,2018-12-27
749,74,Savings,3163.08,2015-08-14
750,10,Checking,1096.67,2017-03-28
751,7,,13.78,2016-12-14
752,85,Checking,8193.09,2021-06-17
753,31,,6652.61,2018-07-21
754,87,Savings,7009.91,2020-08-27
755,49,Checking,9325.32,2020-10-22
756,91,Checking,9777.65,2023-11-15
757,22,,3291.4,2022-04-06
758,73,,9594.6,2015-04-11
759,74,Checking,4825.22,2017-07-22
760,87,Checking,3829.62,2021-10-05
761,93,Checking,5627.2,2024-03-06
762,14,,181.33,2019-12-28
763,3,,8973.9,2023-06-22
764,44,Savings,261.75,2024-01-24
765,84,,4303.4,2024-01-21
766,37,,8610.13,2019-11-13
767,48,Savings,3225.35,2017-09-07
768,91,Checking,7994.35,2018-02-18
769,10,,2665.83,2023-02-14
770,91,Checking,9265.49,2022-06-03
771,37,Savings,2225.39,2023-03-24
772,64,,,2019-01-15
773,57,,3354.12,2017-04-14
774,8,,595.73,2022-07-18
775,14,,6160.54,2015-01-06
776,65,Savings,5547.32,2023-04-06
777,68,Savings,9056.43,2015-03-08
778,9,,9019.24,2019-01-02
779,99,Checking,,2019-12-22
780,76,Checking,2718.59,2021-06-07
781,77,Checking,8845.71,2022-05-02
782,48,Checking,,2018-09-18
783,25,Savings,,2015-12-21
784,27,Checking,1529.84,2015-09-10
785,63,,4632.27,2017-09-26
786,66,,6286.7,2019-08-01
787,11,Checking,8271.15,2019-12-18
788,74,Savings,1800.08,2019-01-31
789,7,Checking,3149.06,2019-12-06
790,100,,2375.23,2021-10-27
791,50,Checking,5298.66,2018-02-19
792,81,Checking,1287.97,2022-03-20
793,99,Savings,8424.08,2016-08-26
794,77,,3325.66,2023-05-04
795,3,,7268.08,2018-04-14
796,74,Savings,6604.94,2022-03-10
797,64,,3410.22,2015-12-15
798,92,Savings,4822.31,2020-04-14
799,94,,1808.4,2021-01-10
800,9,Savings,4277.24,2021-04-21
801,83,,,2023-09-13
802,66,Savings,7433.35,2024-08-01
803,65,Checking,9443.74,2021-01-24
804,1,,4237.45,2024-06-15
805,4,Checking,7680.5,2022-07-17
806,57,Checking,8728.29,2016-05-29
807,50,Savings,9718.26,2021-02-16
808,84,Checking,1771.23,2023-12-01
809,81,Savings,9840.1,2023-12-20
810,76,Checking,3214.38,2016-03-21
811,54,Checking,7493.39,2014-12-21
812,63,Savings,2523.37,2021-02-01
813,5,,3933.18,2017-02-22
814,68,Savings,7714.66,2020-06-19
815,97,Checking,9346.53,2015-12-17
816,15,,491.51,2017-11-25
817,10,Checking,6338.94,2016-02-04
818,78,,1888.66,2017-02-23
819,58,Checking,5924.96,2022-05-01
820,39,Checking,318.87,2021-12-08
821,72,,2183.38,2017-08-02
822,79,,5251.97,2022-11-18
823,16,Checking,684.61,2015-10-27
824,45,,4439.22,2022-09-25
825,22,,9040.55,2016-08-22
826,36,Savings,3052.77,2016-08-13
827,70,Savings,7024.26,2018-10-10
828,87,Checking,2408.13,2022-08-30
829,83,Savings,5814.01,2022-03-28
830,47,,3880.67,2024-09-07
831,84,,5245.89,2021-05-09
832,4,,,2021-04-17
833,61,Savings,8143.6,2015-04-03
834,76,,6291.55,2017-06-12
835,97,Checking,6465.02,2020-12-06
836,52,,785.5,2016-12-12
837,52,,3832.08,2023-05-12
838,86,Savings,2670.45,2015-06-06
839,14,Savings,3989.74,2023-02-27
840,94,Savings,1547.22,2016-02-11
841,57,Savings,456.74,2017-04-20
842,52,Checking,,2020-01-17
843,25,Savings,4028.25,2016-08-24
844,27,Savings,120.67,2024-04-19
845,54,,374.05,2019-01-13
846,40,,158.94,2017-03-06
847,33,Checking,4692.89,2019-09-17
848,94,Checking,7499.89,2015-04-26
849,56,Savings,6969.45,2015-10-01
850,42,Checking,9890.82,2017-04-14
851,45,Checking,6368.59,2024-05-05
852,65,Savings,3203.26,2020-06-01
853,14,Savings,,2017-04-18
854,79,Savings,380.48,2017-07-30
855,8,,1939.17,2019-05-15
856,72,,7661.4,2018-09-01
857,61,,6791.89,2021-01-06
858,85,Checking,2088.41,2022-03-14
859,69,,9972.11,2016-11-26
860,57,Savings,9456.92,2015-05-26
861,21,Checking,614.02,2017-03-17
862,50,Checking,9334.58,2023-08-12
863,50,Savings,9467.87,2014-10-08
864,56,Savings,779.43,2018-03-16
865,56,Checking,6900.03,2018-11-11
866,64,Checking,6354.02,2022-12-29
867,85,Checking,4631.16,2018-11-04
868,77,,1445.75,2021-10-20
869,40,,,2020-10-31
870,43,,487.65,2017-01-09
871,74,Checking,,2015-01-17
872,91,Checking,8941.88,2023-11-06
873,68,Savings,4730.72,2018-07-18
874,26,,4665.64,2017-03-05
875,63,Checking,5957.72,2019-08-13
876,100,,65.96,2020-05-04
877,77,Checking,7156.1,2020-09-04
878,92,Savings,998.61,2024-08-25
879,12,Savings,,2015-10-22
880,74,Checking,3367.42,2021-05-04
881,87,Savings,1972.05,2020-07-25
882,55,,8962.83,2024-04-15
883,46,Savings,4340.9,2016-08-08
884,84,Checking,1672.89,2021-12-29
885,74,Checking,1258.91,2019-07-11
886,54,,1792.73,2024-05-27
887,67,Checking,4740.42,2020-06-06
888,21,Checking,1455.94,2023-04-04
889,20,Checking,4498.09,2017-11-27
890,41,,9333.23,2020-08-07
891,86,Savings,3897.81,2024-04-08
892,30,Checking,6611.59,2018-09-02
893,60,Savings,8439.3,2016-06-27
894,19,Checking,8429.31,2019-11-22
895,92,Savings,9498.12,2015-01-22
896,27,,4934.64,2018-02-23
897,63,,1199.07,2020-03-03
898,5,,1049.47,2018-03-09
899,10,Checking,3375.28,2016-11-18
900,81,Checking,8707.03,2015-12-01
901,33,Savings,2209.22,2022-07-02
902,85,Savings,4714.37,2015-07-04
903,29,Checking,6258.57,2017-12-20
904,13,Checking,9157.08,2019-04-15
905,11,,4508.5,2016-08-09
906,29,,5626.06,2017-10-03
907,74,Checking,8354.18,2015-11-02
908,63,,1478.29,2015-11-18
909,24,,5629.8,2018-01-17
910,53,,3174.69,2021-02-24
911,78,Savings,6723.05,2022-01-16
912,45,Checking,4284.22,2022-09-20
913,37,Checking,3547.11,2018-05-07
914,16,Savings,8003.9,2018-01-13
915,84,Savings,2866.71,2015-03-01
916,3,Checking,,2024-07-19
917,39,Savings,7700.86,2020-09-25
918,19,Checking,8296.99,2017-12-27
919,43,Checking,2056.15,2021-03-05
920,31,Checking,5091.91,2016-02-29
921,46,,9782.84,2022-08-20
922,36,,,2016-11-24
923,2,Savings,4917.33,2018-12-04
924,85,,1622.01,2021-03-01
925,33,Savings,794.97,2018-10-05
926,83,Checking,3954.49,2016-07-27
927,84,Savings,3350.33,2020-10-27
928,54,,2657.62,2014-11-30
929,7,Savings,3857.26,2019-12-30
930,71,Checking,41.51,2018-05-02
931,2,,2715.67,2017-03-18
932,3,Savings,8849.74,2017-02-09
933,13,Checking,8684.34,2018-06-06
934,67,Checking,7010.2,2024-01-08
935,7,Checking,2759.11,2020-02-08
936,39,,9655.3,2018-07-16
937,5,Savings,6426.39,2018-05-07
938,23,Checking,9654.59,2019-10-13
939,76,Checking,4892.88,2017-06-27
940,44,Checking,612.27,2017-04-23
941,4,Checking,370.07,2020-06-22
942,31,Savings,9024.21,2021-08-23
943,30,Savings,8555.63,2021-03-23
944,45,,4772.63,2024-02-09
945,53,Checking,1245.16,2016-01-08
946,5,Savings,191.64,2017-10-26
947,66,,3570.62,2017-09-10
948,35,Checking,6555.24,2019-09-06
949,88,Checking,8505.19,2017-01-03
950,91,Savings,8901.35,2018-02-14
951,100,Savings,4662.71,2020-11-02
952,51,,8049.49,2021-11-16
953,24,Savings,3571.93,2023-02-05
954,63,Savings,7057.34,2014-12-05
955,50,Checking,5694.59,2014-10-22
956,62,,8487.4,2015-07-14
957,31,Checking,4754.96,2022-09-05
958,69,Checking,8480.74,2023-08-29
959,27,Checking,6423.92,2020-06-26
960,90,,7670.01,2015-06-23
961,19,Savings,9150.57,2015-06-06
962,40,Savings,9019.24,2016-09-16
963,13,,2002.59,2020-03-26
964,13,,5769.3,2016-05-01
965,24,Checking,4208.25,2021-10-04
966,7,Savings,1667.24,2016-02-14
967,50,Savings,6028.58,2014-10-04
968,95,Savings,9578.12,2019-01-22
969,30,Savings,7068.94,2014-12-27
970,7,Checking,697.35,2019-06-29
971,14,,8816.93,2015-09-28
972,45,,8182.66,2016-10-15
973,4,Savings,5983.63,2020-04-05
974,35,Checking,1789.17,2019-02-08
975,51,Savings,409.23,2023-04-05
976,48,,9131.32,2020-01-25
977,72,Checking,6935.92,2020-02-04
978,44,Checking,556.99,2015-08-16
979,15,,1553.97,2018-03-04
980,82,,6885.8,2018-04-17
981,97,,4206.2,2015-10-16
982,16,,9099.11,2016-12-25
983,17,Savings,8699.85,2016-09-07
984,34,,1527.24,2022-07-24
985,73,Savings,6421.41,2018-08-09
986,98,Checking,9584.82,2020-10-13
987,39,,2730.46,2024-07-12
988,9,,5822.22,2022-05-12
989,84,Checking,6513.97,2024-05-27
990,2,,,2016-04-02
991,57,Savings,5345.82,2016-10-17
992,44,Savings,2633.15,2022-01-19
993,80,,3844.33,2022-07-07
994,35,,1928.41,2020-10-15
995,17,Savings,6145.33,2020-10-01
996,15,Savings,8335.9,2020-07-15
997,16,Checking,2311.82,2023-07-06
998,61,Checking,9644.01,2014-12-31
999,97,,2990.04,2019-12-17
1000,55,,4176.08,2024-05-30
