payment_id,loan_id,payment_amount,payment_date
1,123.0,531.14,2024-03-25
2,480.0,1892.3,2022-04-13
3,342.0,646.95,2020-04-07
4,474.0,395.95,2024-01-19
5,264.0,1369.53,2024-01-29
6,377.0,1171.02,2020-08-06
7,1.0,1011.63,2023-04-22
8,220.0,599.5,
9,227.0,1349.59,2020-09-12
10,,297.19,2021-12-29
11,260.0,,2021-11-16
12,452.0,,2021-04-23
13,130.0,774.53,2022-08-27
14,116.0,946.73,2023-03-06
15,263.0,1749.89,
16,,1610.32,2023-02-01
17,118.0,168.59,2020-09-05
18,299.0,359.2,2023-08-25
19,,961.7,2021-05-24
20,459.0,527.76,2024-04-09
21,446.0,728.28,2019-12-30
22,211.0,1177.58,2024-04-17
23,295.0,1478.39,2019-09-17
24,188.0,256.02,2024-07-21
25,372.0,950.08,2021-05-22
26,88.0,1113.33,2022-01-24
27,481.0,963.23,2020-08-04
28,468.0,1255.41,2021-11-07
29,107.0,1789.56,2020-04-19
30,478.0,1342.38,2022-08-18
31,248.0,979.32,2023-03-07
32,40.0,593.99,2023-04-05
33,484.0,1759.74,2020-04-26
34,415.0,1516.49,2022-05-18
35,1.0,387.41,
36,113.0,1405.28,
37,327.0,1581.86,
38,490.0,576.03,2022-09-27
39,298.0,1297.8,2022-03-16
40,489.0,1902.56,2024-06-20
41,491.0,454.08,2019-10-28
42,460.0,1052.75,2023-11-02
43,259.0,324.78,2019-10-17
44,471.0,490.6,2023-08-16
45,194.0,,2024-09-07
46,336.0,958.02,2021-02-25
47,84.0,,2021-09-03
48,160.0,511.44,2021-02-18
49,364.0,1000.99,2023-06-05
50,50.0,428.81,
51,480.0,1097.72,2023-10-02
52,76.0,538.01,2020-06-24
53,24.0,678.87,2023-03-31
54,137.0,1583.55,2019-09-23
55,480.0,1170.38,2022-04-04
56,352.0,472.93,2021-03-21
57,453.0,418.02,2022-06-15
58,79.0,1323.5,2023-12-26
59,439.0,754.44,2023-11-07
60,250.0,,2023-06-18
61,8.0,1254.84,2024-01-18
62,130.0,274.93,2022-08-09
63,214.0,886.58,2022-04-11
64,295.0,1903.0,2022-03-01
65,13.0,153.36,
66,363.0,1700.2,2021-10-19
67,168.0,,2023-04-29
68,271.0,1595.64,
69,289.0,886.6,2023-04-05
70,345.0,428.82,2020-07-23
71,16.0,799.46,2023-11-30
72,460.0,811.96,2019-12-07
73,339.0,1456.03,2021-09-13
74,17.0,607.91,
75,77.0,822.7,2024-06-05
76,288.0,1903.47,2023-06-13
77,457.0,176.47,2020-03-01
78,135.0,1763.43,2024-01-02
79,54.0,677.64,2022-07-08
80,23.0,1697.96,2021-03-01
81,466.0,1373.36,2023-09-05
82,403.0,1274.3,2023-06-10
83,313.0,155.18,2023-09-16
84,319.0,361.79,
85,22.0,,2022-10-27
86,156.0,823.21,2024-05-21
87,60.0,1996.35,
88,24.0,1960.2,2020-05-06
89,136.0,615.94,2024-09-14
90,244.0,1644.31,2023-07-11
91,168.0,1966.37,2022-10-20
92,293.0,1942.04,2024-01-17
93,328.0,770.75,2022-01-15
94,31.0,,2023-10-07
95,390.0,215.74,2019-10-12
96,444.0,1053.32,2020-02-17
97,73.0,473.61,2020-03-07
98,315.0,1104.38,2021-01-01
99,411.0,,2022-08-06
100,114.0,278.87,2021-07-23
101,251.0,1517.08,2020-08-21
102,413.0,892.34,2022-03-28
103,71.0,998.19,2024-07-18
104,415.0,682.35,
105,441.0,1115.03,2024-02-10
106,,1552.97,2024-09-13
107,406.0,1678.46,2023-10-28
108,301.0,1170.94,2023-06-23
109,360.0,,2020-01-18
110,492.0,1678.3,2023-03-29
111,344.0,,2023-05-29
112,131.0,,2022-09-18
113,342.0,,2019-10-31
114,182.0,1805.31,2023-12-07
115,246.0,1712.62,2022-11-28
116,263.0,1307.11,
117,383.0,1848.77,
118,56.0,703.13,2023-05-01
119,356.0,346.71,2023-01-13
120,139.0,1034.25,2022-12-17
121,202.0,1541.82,2023-09-20
122,486.0,160.68,2020-04-28
123,264.0,,
124,,1770.58,2022-07-28
125,,1471.24,
126,38.0,968.57,2022-07-27
127,73.0,770.6,2021-03-24
128,358.0,1306.68,2024-03-14
129,407.0,1000.42,2021-05-20
130,143.0,115.04,2021-11-01
131,270.0,741.2,2020-11-09
132,66.0,1770.61,2020-12-19
133,316.0,1652.37,2021-06-19
134,34.0,295.69,2023-07-26
135,483.0,1335.06,
136,171.0,187.57,
137,62.0,1518.4,2021-11-29
138,111.0,152.76,2020-06-04
139,290.0,1498.37,
140,376.0,1831.54,2023-04-16
141,483.0,604.27,2024-06-15
142,254.0,439.41,
143,173.0,1627.01,2020-05-15
144,264.0,814.15,2019-10-10
145,28.0,1202.65,2022-11-02
146,149.0,156.2,2022-06-18
147,224.0,,2020-09-26
148,241.0,540.07,
149,211.0,634.18,
150,302.0,961.13,2023-10-10
151,53.0,1207.97,2020-08-19
152,204.0,1403.04,2023-06-05
153,281.0,305.77,2022-09-21
154,388.0,1366.22,2020-10-22
155,68.0,,2022-11-04
156,94.0,820.43,2020-03-31
157,466.0,867.71,2021-08-02
158,174.0,1019.25,2023-04-23
159,410.0,766.92,2022-10-21
160,36.0,1971.61,2022-09-22
161,248.0,850.05,2020-10-10
162,229.0,1805.75,
163,365.0,953.37,2021-10-10
164,229.0,234.77,2024-06-09
165,43.0,602.47,2020-05-24
166,256.0,417.27,2022-12-09
167,244.0,1741.52,2023-07-08
168,41.0,1966.23,2024-07-14
169,,193.56,
170,448.0,572.92,2023-05-26
171,259.0,303.06,2021-06-09
172,144.0,1423.19,2023-10-07
173,50.0,1181.71,
174,187.0,1221.96,2020-02-05
175,317.0,905.59,2022-07-06
176,473.0,1745.37,2019-10-25
177,438.0,736.65,2022-06-15
178,230.0,,
179,159.0,,
180,331.0,614.96,2019-09-22
181,74.0,1114.54,2021-12-17
182,362.0,1198.93,2023-04-05
183,27.0,954.39,2022-10-23
184,,742.56,2022-02-08
185,249.0,1533.67,2022-01-03
186,67.0,,2021-03-26
187,315.0,727.19,2020-04-18
188,241.0,860.04,2020-05-29
189,298.0,,2020-04-09
190,174.0,1067.43,2020-11-02
191,31.0,1792.43,2024-01-12
192,478.0,983.44,2019-11-03
193,348.0,1105.98,2020-11-03
194,291.0,,2024-08-11
195,174.0,1166.12,2023-11-24
196,,1840.74,
197,451.0,414.81,2024-09-01
198,209.0,,2019-12-11
199,475.0,977.69,2024-01-15
200,366.0,1759.22,
201,352.0,689.24,2022-03-02
202,153.0,244.97,
203,37.0,,2022-11-19
204,108.0,931.7,2021-03-26
205,109.0,1694.72,2021-11-26
206,316.0,806.9,2024-04-24
207,189.0,626.04,2019-10-07
208,37.0,1063.56,2020-05-17
209,224.0,1027.56,2021-09-01
210,,1184.41,2021-09-01
211,471.0,786.02,2020-09-08
212,402.0,1045.43,
213,83.0,489.22,2024-03-25
214,211.0,742.67,2024-08-05
215,,358.79,2019-10-14
216,296.0,1362.73,2022-02-12
217,176.0,497.48,2019-11-19
218,376.0,1462.12,2022-08-20
219,207.0,1218.86,2024-01-26
220,97.0,432.67,2020-02-13
221,174.0,1442.25,2020-01-08
222,214.0,861.09,2024-03-26
223,51.0,881.83,2021-06-01
224,56.0,1275.37,2020-06-16
225,5.0,,2024-02-02
226,162.0,1627.13,2023-08-20
227,435.0,1911.24,2021-02-12
228,356.0,857.17,2022-02-28
229,450.0,1213.76,2022-04-20
230,162.0,1574.47,2023-02-10
231,468.0,183.65,
232,418.0,199.1,2023-03-07
233,419.0,1478.85,2021-01-23
234,6.0,1889.23,2024-01-13
235,137.0,1981.21,2023-08-09
236,486.0,243.8,2019-09-19
237,,586.74,2022-05-02
238,402.0,1171.48,
239,98.0,1694.16,2024-02-06
240,84.0,1755.81,2023-07-20
241,347.0,1556.27,2024-08-06
242,190.0,402.22,2021-04-24
243,405.0,416.01,2020-01-25
244,32.0,226.37,2021-06-02
245,121.0,971.33,2020-08-09
246,275.0,1479.02,
247,324.0,1878.77,2024-05-27
248,307.0,804.99,2023-06-03
249,381.0,1865.46,2021-05-30
250,36.0,1879.25,2023-04-16
251,382.0,882.63,2024-02-04
252,348.0,404.9,
253,,1160.85,
254,305.0,1759.39,2021-02-06
255,384.0,428.99,2022-10-22
256,,605.46,2020-03-09
257,305.0,228.53,2024-08-20
258,69.0,,2022-05-30
259,,1147.62,
260,346.0,1721.28,2023-09-12
261,287.0,,2020-10-18
262,102.0,1123.5,2024-03-27
263,441.0,1456.1,2021-05-22
264,261.0,1476.43,2023-11-18
265,250.0,340.71,2021-09-24
266,137.0,604.87,
267,,,2022-02-16
268,61.0,815.08,2021-06-27
269,177.0,144.57,2019-10-04
270,155.0,976.02,2022-10-03
271,396.0,160.72,2020-08-17
272,474.0,593.12,2021-06-29
273,375.0,1903.48,2023-08-25
274,3.0,968.38,
275,417.0,184.31,2019-12-13
276,292.0,658.0,
277,364.0,1336.12,2021-05-11
278,194.0,866.4,2020-01-04
279,482.0,1983.31,2020-06-11
280,417.0,1536.55,2020-05-17
281,388.0,758.4,2021-01-17
282,328.0,1610.14,2023-12-11
283,390.0,1834.16,2020-12-15
284,369.0,1317.37,2021-12-12
285,94.0,1175.29,2023-10-19
286,431.0,882.09,2021-05-11
287,,710.84,2020-09-21
288,409.0,1243.58,2019-12-04
289,348.0,807.44,2022-02-26
290,129.0,1736.61,2023-03-18
291,164.0,1518.06,
292,331.0,1783.46,2022-11-21
293,165.0,1164.47,2023-04-29
294,37.0,1171.95,2022-12-29
295,214.0,1725.57,2021-08-07
296,286.0,131.25,2022-03-11
297,307.0,,2020-02-07
298,315.0,1831.28,
299,366.0,1182.62,2023-11-06
300,219.0,1875.04,
301,50.0,572.96,2021-06-23
302,500.0,1070.58,2020-01-27
303,46.0,,2021-12-08
304,286.0,1708.65,2020-06-12
305,236.0,1749.42,2024-01-31
306,187.0,1664.35,2021-11-03
307,155.0,,2022-01-01
308,48.0,1388.24,2020-11-06
309,410.0,776.6,2023-01-15
310,128.0,1829.62,2022-02-24
311,145.0,1301.56,2021-05-23
312,444.0,381.54,2022-09-15
313,385.0,1953.05,2019-10-30
314,364.0,1781.28,2021-01-13
315,243.0,1719.96,2020-10-03
316,412.0,185.22,2024-05-27
317,417.0,594.08,2021-05-18
318,290.0,1599.33,2020-10-14
319,288.0,294.15,2021-10-16
320,334.0,1468.44,
321,245.0,828.74,2022-04-29
322,116.0,1307.48,2020-05-22
323,177.0,735.26,2022-11-07
324,32.0,375.05,2024-07-11
325,,1647.02,2020-08-20
326,95.0,,2023-11-12
327,84.0,727.55,2020-06-22
328,449.0,139.56,2022-07-10
329,460.0,259.96,
330,117.0,1289.96,2020-04-03
331,101.0,205.58,2021-05-03
332,51.0,1085.72,
333,114.0,1055.37,2021-05-09
334,404.0,1040.65,2020-07-20
335,226.0,736.68,2020-09-01
336,210.0,1529.02,2024-01-31
337,148.0,467.7,2023-08-04
338,53.0,1158.65,
339,267.0,1580.67,2023-06-28
340,34.0,1035.99,2020-02-29
341,443.0,,2023-05-27
342,160.0,649.19,2024-02-05
343,422.0,772.02,2021-05-20
344,491.0,1196.26,2019-09-17
345,11.0,1138.05,2021-07-11
346,,1009.73,2020-06-20
347,277.0,1663.95,2023-11-19
348,50.0,1553.32,2020-10-31
349,73.0,1065.51,2023-01-04
350,305.0,1512.2,2021-07-31
351,405.0,983.65,2022-05-18
352,66.0,920.9,2020-04-12
353,101.0,,2020-08-13
354,403.0,167.93,
355,263.0,,2023-09-11
356,76.0,1244.9,2022-01-02
357,233.0,,2022-04-10
358,46.0,1296.64,2020-01-27
359,305.0,1122.64,2024-01-15
360,491.0,393.96,2021-01-13
361,141.0,539.41,2021-08-31
362,75.0,1838.3,2023-07-17
363,482.0,1347.4,2019-10-28
364,,1023.11,2024-03-28
365,213.0,298.79,2021-07-05
366,349.0,1171.73,
367,,181.16,2022-04-12
368,57.0,691.56,2022-02-09
369,227.0,1241.79,2021-01-20
370,,808.74,2024-02-26
371,,1327.19,2023-07-04
372,30.0,1758.33,
373,227.0,1341.35,2023-03-05
374,287.0,1914.77,2024-02-21
375,462.0,,2022-01-12
376,462.0,1224.95,2022-03-18
377,406.0,247.28,2021-05-20
378,305.0,702.87,2024-04-02
379,40.0,1593.64,2024-09-01
380,169.0,702.35,2023-03-02
381,,992.48,2020-08-13
382,191.0,846.41,2021-09-19
383,294.0,1274.52,2021-12-21
384,168.0,,2023-01-31
385,268.0,652.08,2022-06-13
386,214.0,1250.45,2022-07-08
387,59.0,654.63,2020-02-18
388,55.0,530.1,2021-02-20
389,446.0,1021.22,2021-07-16
390,498.0,160.81,2024-05-24
391,379.0,425.42,2023-02-03
392,442.0,126.22,2019-11-18
393,211.0,,2022-10-11
394,431.0,1588.32,2019-11-18
395,430.0,1352.63,2022-04-28
396,90.0,1844.5,2023-10-20
397,363.0,,
398,280.0,1318.55,
399,147.0,1327.08,
400,90.0,1596.73,2020-11-24
401,157.0,647.65,2023-10-07
402,474.0,1014.76,2019-12-18
403,29.0,209.24,
404,66.0,789.98,2021-09-17
405,371.0,492.93,2023-07-14
406,19.0,1721.25,2023-03-14
407,438.0,934.75,2022-10-15
408,,1417.83,2024-04-22
409,1.0,1383.15,2022-11-19
410,311.0,284.99,2020-12-24
411,227.0,112.37,2020-01-12
412,250.0,605.08,2019-11-18
413,70.0,1220.6,2020-02-23
414,229.0,481.17,2021-09-16
415,318.0,1112.41,2022-08-14
416,62.0,1958.36,2023-04-28
417,383.0,258.56,2023-04-29
418,,1730.69,2019-11-27
419,,1496.69,2023-12-19
420,88.0,1458.12,
421,116.0,1214.75,2021-02-03
422,454.0,,2024-01-09
423,444.0,469.24,2022-05-27
424,450.0,301.56,2023-03-30
425,205.0,393.87,
426,158.0,628.45,2023-07-25
427,126.0,516.38,2023-03-04
428,318.0,1602.45,
429,230.0,,
430,115.0,957.73,2023-04-28
431,344.0,,2022-04-28
432,353.0,1469.83,2024-03-07
433,42.0,1060.59,2021-02-12
434,228.0,1338.7,2023-03-25
435,99.0,1120.52,2022-07-21
436,109.0,1777.03,2020-08-25
437,232.0,,2019-11-05
438,253.0,473.37,2020-10-12
439,488.0,1411.78,2022-01-01
440,70.0,1745.6,2023-01-09
441,9.0,1585.06,2022-10-28
442,461.0,1966.66,2024-08-01
443,347.0,,2021-08-31
444,96.0,,2021-12-15
445,238.0,1685.57,
446,104.0,182.72,2024-09-04
447,30.0,164.65,2023-10-20
448,216.0,711.13,2023-07-14
449,368.0,,2020-08-01
450,227.0,570.09,2020-09-11
451,186.0,287.43,
452,379.0,264.57,2020-09-19
453,450.0,701.87,2021-03-30
454,15.0,722.79,
455,298.0,1931.99,2024-08-28
456,130.0,1525.22,2021-08-27
457,144.0,1755.0,2019-10-02
458,167.0,525.79,2021-08-05
459,69.0,1624.65,2023-10-13
460,189.0,783.72,2024-04-04
461,17.0,1449.79,2020-01-09
462,168.0,171.98,2024-04-05
463,445.0,958.67,2021-06-28
464,191.0,1202.86,2020-04-02
465,266.0,1726.46,2019-11-25
466,403.0,1712.2,2021-11-24
467,96.0,995.41,
468,,840.47,
469,107.0,739.47,2021-09-30
470,361.0,690.6,2021-06-14
471,375.0,902.03,2024-08-04
472,243.0,1781.72,2021-10-26
473,330.0,1943.73,2021-09-23
474,125.0,1381.09,2021-06-11
475,39.0,906.41,2022-02-15
476,9.0,1463.51,
477,487.0,1496.98,2020-12-04
478,233.0,1616.7,2024-09-04
479,479.0,553.54,2021-08-22
480,365.0,1771.65,2023-06-29
481,416.0,320.32,2023-11-09
482,69.0,,2021-06-17
483,466.0,1476.96,2020-09-25
484,229.0,1820.44,2021-08-02
485,267.0,1415.58,2021-03-10
486,10.0,,2023-06-21
487,478.0,558.77,
488,80.0,1667.01,2023-06-21
489,,1414.94,2020-11-19
490,408.0,339.2,2022-12-18
491,496.0,261.23,2021-02-27
492,389.0,1524.99,2019-11-20
493,278.0,1503.15,2020-04-01
494,201.0,1599.82,2022-07-24
495,388.0,1602.7,
496,232.0,527.81,2021-06-28
497,375.0,1839.33,
498,284.0,1472.91,2021-01-30
499,440.0,1577.96,2020-05-14
500,391.0,1115.07,2023-05-03
501,305.0,1416.66,
502,146.0,,2021-07-28
503,216.0,1123.76,
504,37.0,1291.56,2020-04-25
505,242.0,942.95,
506,21.0,1261.36,2022-09-03
507,143.0,765.38,2022-04-21
508,47.0,1890.59,
509,472.0,901.08,2022-12-12
510,184.0,1051.5,2020-04-26
511,478.0,1629.06,2022-02-26
512,320.0,609.65,2022-11-22
513,144.0,699.74,
514,322.0,972.61,2020-08-25
515,39.0,386.23,2019-11-08
516,39.0,1822.89,2021-07-01
517,176.0,792.55,2024-04-16
518,215.0,,2021-11-25
519,86.0,431.91,2024-08-18
520,326.0,136.76,2023-02-21
521,82.0,694.18,
522,466.0,,2020-06-01
523,237.0,506.84,2020-05-24
524,,1925.2,2021-07-16
525,30.0,,2023-03-23
526,275.0,1966.01,2022-06-19
527,,781.02,2022-09-15
528,102.0,1139.14,2021-12-09
529,130.0,288.39,
530,,1409.78,2023-03-14
531,15.0,,2024-07-23
532,108.0,224.36,2024-02-02
533,162.0,141.25,2023-06-13
534,475.0,670.8,2021-08-11
535,168.0,1718.29,2022-09-03
536,407.0,1501.03,2024-08-29
537,455.0,1742.38,2021-05-18
538,137.0,120.23,2024-01-08
539,75.0,1547.78,2024-07-31
540,324.0,656.04,2022-03-20
541,98.0,352.87,2020-09-19
542,381.0,1594.32,2019-11-23
543,265.0,503.76,2023-04-07
544,154.0,1537.96,2024-07-17
545,259.0,1588.71,2022-02-23
546,462.0,1128.29,2021-02-09
547,19.0,1083.67,2024-04-03
548,224.0,800.61,2021-03-02
549,246.0,1590.33,2020-12-22
550,173.0,1836.66,2024-02-16
551,202.0,872.05,2024-05-12
552,241.0,463.99,2023-04-22
553,347.0,1608.92,2021-06-30
554,261.0,,2024-05-26
555,246.0,1391.72,2019-10-28
556,411.0,1602.47,2021-06-28
557,223.0,1009.34,2022-04-23
558,129.0,967.86,
559,453.0,1595.03,2022-03-11
560,175.0,1820.59,2024-01-19
561,,1003.37,2020-09-03
562,471.0,711.39,2024-02-17
563,230.0,671.4,2020-04-27
564,268.0,1075.89,2022-10-24
565,9.0,1320.3,2019-09-23
566,394.0,217.82,2021-08-26
567,91.0,1719.02,2020-05-09
568,26.0,,2024-03-15
569,135.0,1771.92,2023-10-13
570,22.0,514.69,2022-02-28
571,,811.21,2022-05-09
572,223.0,628.44,2022-04-06
573,76.0,1816.45,2023-10-09
574,293.0,730.24,2022-02-13
575,37.0,794.83,2022-11-10
576,426.0,366.23,2020-01-30
577,184.0,866.07,2020-02-23
578,246.0,1979.29,2024-01-22
579,193.0,1953.73,
580,266.0,1762.11,2021-03-11
581,499.0,704.18,2022-03-30
582,68.0,1197.0,2020-02-14
583,138.0,1761.84,2023-04-24
584,34.0,626.27,
585,391.0,1419.35,2021-06-19
586,91.0,392.07,2021-02-28
587,384.0,1665.96,2021-08-08
588,5.0,179.25,2023-06-27
589,322.0,1534.11,2021-02-11
590,468.0,1666.1,2023-10-06
591,10.0,1201.18,
592,63.0,,2020-04-12
593,,1058.22,2023-08-31
594,196.0,1224.37,2022-02-27
595,128.0,1944.18,2022-05-10
596,277.0,1074.39,2022-01-22
597,478.0,1074.43,2019-10-03
598,218.0,215.78,2023-01-06
599,484.0,1671.17,2020-04-19
600,279.0,1423.66,2020-08-27
601,88.0,,2021-08-04
602,217.0,1461.81,2023-05-02
603,264.0,1265.88,
604,287.0,367.85,2020-05-28
605,9.0,,2020-06-22
606,175.0,1388.98,2020-09-08
607,260.0,1835.98,2024-07-15
608,,836.99,2020-12-10
609,27.0,1131.17,2023-02-25
610,408.0,795.74,
611,51.0,285.28,2021-07-02
612,159.0,729.7,2024-07-06
613,207.0,1808.99,2020-10-21
614,26.0,1756.07,2023-03-02
615,193.0,1238.35,2024-08-24
616,155.0,223.92,2022-03-20
617,3.0,,2021-07-20
618,244.0,990.02,2023-03-23
619,381.0,,2024-03-15
620,,119.39,
621,464.0,1367.27,2024-04-09
622,215.0,857.61,2021-04-10
623,196.0,1739.71,2024-03-29
624,154.0,1377.6,2024-02-02
625,305.0,816.98,
626,95.0,523.35,
627,244.0,786.24,
628,495.0,398.59,2023-07-28
629,46.0,1627.29,2023-07-31
630,265.0,824.38,
631,330.0,893.82,
632,86.0,532.07,
633,160.0,203.66,2019-11-09
634,43.0,218.82,2022-06-18
635,444.0,1628.88,2022-08-25
636,241.0,415.53,2024-09-09
637,379.0,,
638,303.0,1599.85,2020-04-01
639,474.0,286.2,
640,247.0,1828.75,
641,455.0,772.37,
642,220.0,471.28,2020-04-27
643,462.0,707.7,2019-11-16
644,219.0,818.84,2020-03-23
645,24.0,977.06,
646,256.0,953.8,2023-07-29
647,173.0,1966.75,2024-07-22
648,396.0,1081.05,2023-02-16
649,304.0,1007.19,
650,35.0,331.18,
651,47.0,890.87,2021-12-31
652,101.0,127.96,2019-10-15
653,188.0,1341.34,2023-05-16
654,164.0,1379.43,2020-06-10
655,235.0,1580.56,2023-09-02
656,,113.72,2020-12-18
657,470.0,327.09,2021-09-02
658,268.0,1892.5,
659,140.0,596.85,
660,90.0,1868.02,2024-05-18
661,482.0,1785.0,2022-09-18
662,136.0,745.88,2020-11-18
663,78.0,715.09,2021-08-15
664,166.0,500.48,2022-01-16
665,212.0,917.1,2019-10-12
666,304.0,1358.95,2020-09-02
667,61.0,232.29,2020-06-21
668,467.0,990.61,
669,469.0,587.44,
670,284.0,1429.07,2024-07-01
671,51.0,757.73,2020-08-02
672,381.0,1912.63,2024-03-01
673,198.0,1889.95,2023-09-30
674,367.0,115.81,2020-03-08
675,302.0,394.22,2021-08-03
676,,1740.16,2019-10-13
677,284.0,1310.1,2019-10-27
678,329.0,250.23,2021-03-31
679,280.0,204.22,2023-05-31
680,193.0,1409.99,2023-10-28
681,432.0,804.3,2023-10-28
682,307.0,266.85,2023-02-08
683,181.0,1732.68,2020-02-24
684,82.0,1937.27,2021-04-25
685,52.0,384.9,2020-11-02
686,431.0,444.02,2022-08-23
687,419.0,,2020-06-28
688,22.0,1043.04,2021-12-11
689,197.0,226.23,2021-02-19
690,481.0,729.54,2024-06-18
691,278.0,1094.16,
692,,653.61,2024-01-03
693,146.0,878.82,2023-07-06
694,66.0,1326.07,2023-09-02
695,497.0,1123.27,2022-12-22
696,327.0,1979.86,2023-10-23
697,379.0,1306.98,2020-06-12
698,233.0,612.78,2024-04-16
699,266.0,458.45,2021-10-21
700,482.0,1681.65,2020-07-28
701,411.0,998.34,2023-12-23
702,,997.15,2022-08-06
703,70.0,996.23,2024-08-20
704,,429.62,2020-11-22
705,272.0,946.26,2021-01-27
706,106.0,1114.72,2022-09-16
707,22.0,1613.78,2019-10-07
708,311.0,904.55,
709,221.0,,2024-08-17
710,302.0,1075.15,2020-07-22
711,5.0,997.26,2022-11-07
712,396.0,434.58,
713,404.0,1255.13,
714,131.0,785.12,2024-02-13
715,378.0,779.52,2020-10-12
716,323.0,1065.96,2019-10-12
717,287.0,,2023-09-20
718,430.0,822.39,2022-12-04
719,58.0,1197.79,
720,426.0,1996.91,
721,45.0,1540.9,
722,412.0,1855.74,
723,,1388.72,2024-06-16
724,290.0,,
725,,636.57,2023-02-01
726,411.0,1314.2,2020-11-01
727,335.0,1189.14,2022-05-14
728,232.0,1541.94,2022-02-12
729,396.0,,
730,429.0,1342.46,2024-03-28
731,275.0,1247.17,2020-09-27
732,114.0,519.4,
733,495.0,1173.71,2022-10-06
734,451.0,632.63,2019-11-11
735,302.0,1149.97,2023-01-14
736,29.0,,2020-11-08
737,60.0,483.29,2020-04-22
738,369.0,573.37,
739,142.0,1137.56,2020-07-01
740,60.0,1873.92,2024-05-07
741,374.0,1472.55,2023-08-09
742,442.0,1351.2,2024-05-23
743,61.0,497.27,2021-03-13
744,416.0,936.56,2020-03-07
745,449.0,766.64,2022-04-08
746,296.0,692.57,2023-08-18
747,353.0,1907.52,2022-03-14
748,402.0,283.8,2020-09-15
749,426.0,1978.37,2022-02-15
750,79.0,,2022-01-10
751,250.0,940.47,2024-07-17
752,314.0,1058.15,2020-02-12
753,462.0,1131.97,2020-07-24
754,102.0,207.98,2022-06-15
755,,1196.04,2023-01-02
756,179.0,1441.42,2019-12-07
757,145.0,1711.89,2021-10-29
758,251.0,1682.18,2021-12-28
759,258.0,,2022-12-17
760,1.0,1880.62,
761,127.0,1884.87,2024-02-18
762,481.0,1598.26,2022-09-01
763,256.0,1650.52,
764,429.0,189.09,2020-05-27
765,232.0,1708.51,2022-10-16
766,385.0,959.98,
767,,1839.29,2022-01-19
768,56.0,1127.22,2024-08-17
769,400.0,,2020-12-08
770,231.0,,2020-04-30
771,281.0,1997.84,2019-09-21
772,165.0,1632.54,2019-12-04
773,390.0,1446.5,2021-06-08
774,167.0,299.03,2021-10-19
775,343.0,437.65,2022-06-20
776,68.0,234.11,2019-10-26
777,208.0,432.14,2021-06-25
778,19.0,913.0,2022-07-14
779,7.0,185.41,2020-06-05
780,458.0,1928.7,2020-12-17
781,339.0,1070.32,2022-11-10
782,59.0,1779.78,2022-05-08
783,237.0,1518.69,2022-10-27
784,29.0,1231.4,
785,47.0,311.91,2021-11-08
786,171.0,1405.27,2024-08-16
787,252.0,,2022-08-26
788,77.0,1481.35,
789,166.0,992.66,2022-10-01
790,403.0,156.94,2024-02-27
791,149.0,197.25,
792,420.0,1759.38,2020-10-13
793,462.0,856.91,2021-11-18
794,179.0,1892.28,
795,402.0,912.73,2023-10-21
796,297.0,,2023-09-27
797,135.0,400.95,2020-01-27
798,115.0,1569.2,2024-07-24
799,309.0,187.36,2022-11-04
800,415.0,,2023-03-13
801,110.0,1787.44,2020-10-12
802,292.0,217.94,2019-09-22
803,357.0,911.29,2023-12-05
804,236.0,1167.34,2023-01-14
805,290.0,914.51,
806,384.0,1186.45,2020-03-20
807,286.0,193.41,2020-03-14
808,386.0,,
809,271.0,1978.86,2021-08-12
810,55.0,778.45,2020-11-26
811,453.0,1442.9,2022-06-20
812,122.0,1862.47,2022-10-17
813,72.0,422.03,2020-10-08
814,122.0,,2020-04-03
815,404.0,452.54,2021-11-25
816,87.0,747.33,2020-10-27
817,65.0,607.24,
818,7.0,1097.18,2022-08-07
819,177.0,288.15,
820,299.0,942.56,2021-11-30
821,464.0,1361.52,2022-04-19
822,230.0,1190.93,2023-06-26
823,377.0,800.04,2022-12-24
824,297.0,601.03,2021-03-15
825,325.0,213.9,2023-08-14
826,59.0,,2022-07-10
827,14.0,693.81,2019-09-20
828,259.0,1054.45,2022-10-29
829,227.0,1106.19,2021-02-09
830,442.0,1121.39,2020-05-01
831,459.0,1225.12,2023-10-17
832,178.0,229.89,2022-05-04
833,433.0,1489.11,2020-04-13
834,464.0,1071.88,2021-08-04
835,89.0,1422.49,2022-05-06
836,19.0,955.56,2022-01-10
837,486.0,757.43,2023-05-09
838,409.0,1062.55,2022-03-30
839,100.0,1536.26,
840,68.0,1303.06,2023-05-17
841,460.0,1457.69,2021-07-13
842,,1307.47,2024-03-18
843,232.0,1710.25,2022-07-21
844,72.0,,
845,482.0,1260.03,
846,364.0,877.16,2023-03-23
847,326.0,742.63,2024-07-04
848,258.0,1021.67,2019-12-07
849,484.0,1406.73,2020-09-18
850,406.0,748.56,2022-11-23
851,21.0,1423.89,2020-05-19
852,212.0,129.64,2022-05-03
853,123.0,,2022-02-21
854,184.0,1214.48,
855,339.0,1830.22,2024-04-13
856,173.0,790.09,2021-10-10
857,500.0,1066.08,2020-08-21
858,30.0,588.87,2020-11-04
859,191.0,1223.85,
860,125.0,622.33,2020-02-23
861,236.0,,2020-09-20
862,441.0,500.94,2022-06-19
863,,1129.28,
864,210.0,512.92,2020-07-31
865,310.0,100.71,2022-01-22
866,353.0,331.32,2022-01-20
867,384.0,1525.85,2022-12-20
868,497.0,1819.69,
869,499.0,1570.24,
870,14.0,1110.62,
871,417.0,,2023-06-10
872,200.0,1002.1,2024-04-07
873,37.0,710.22,2021-11-27
874,87.0,1625.95,2020-10-11
875,342.0,1087.68,2024-05-15
876,289.0,999.47,
877,383.0,278.22,2022-04-15
878,32.0,449.35,2020-01-21
879,383.0,,2024-03-05
880,167.0,1258.46,2023-04-10
881,469.0,668.77,
882,278.0,,2020-11-21
883,39.0,,2021-03-02
884,418.0,159.85,2022-11-13
885,326.0,1948.92,2023-06-08
886,389.0,1917.89,2020-02-06
887,2.0,1751.45,2019-12-14
888,,244.31,2022-01-03
889,107.0,1423.93,2021-03-18
890,,1040.55,2022-09-18
891,415.0,1121.95,2021-07-15
892,190.0,,2024-06-09
893,441.0,1579.22,2020-12-21
894,425.0,,2021-01-23
895,88.0,1122.65,2021-04-22
896,79.0,758.82,2019-11-12
897,353.0,1549.45,2024-04-08
898,,1662.65,2022-11-27
899,414.0,,2020-09-22
900,161.0,1571.06,2024-09-01
901,336.0,824.48,2020-01-17
902,12.0,1558.91,2020-02-29
903,299.0,192.76,2023-02-05
904,99.0,790.84,2022-08-12
905,351.0,1080.54,2022-01-13
906,,335.28,2023-11-26
907,360.0,1846.26,2020-11-19
908,278.0,341.03,2024-06-17
909,344.0,552.54,
910,79.0,809.4,2022-01-08
911,316.0,806.86,2023-08-18
912,71.0,,2020-06-29
913,,1061.15,2019-12-17
914,113.0,269.83,2020-06-07
915,38.0,1981.05,2023-06-21
916,354.0,1149.88,
917,323.0,1688.06,2020-07-05
918,463.0,432.28,2020-04-16
919,116.0,881.67,
920,3.0,1485.54,
921,453.0,1527.84,2024-02-14
922,174.0,766.7,2021-11-27
923,155.0,357.26,2023-04-26
924,285.0,756.27,2020-10-10
925,,267.6,
926,50.0,1184.49,2019-11-25
927,265.0,1813.13,2023-09-03
928,51.0,1943.83,2019-10-11
929,52.0,196.5,2022-01-27
930,224.0,1031.56,2020-12-14
931,60.0,1214.35,2022-12-07
932,456.0,599.3,2021-07-16
933,422.0,1206.64,2023-11-19
934,45.0,1014.77,2023-05-28
935,371.0,793.59,2019-11-22
936,180.0,1620.91,2022-05-08
937,7.0,1420.15,2020-04-29
938,68.0,1957.35,2020-11-18
939,242.0,1602.82,
940,264.0,1604.0,2022-04-28
941,49.0,,2023-05-26
942,,848.53,2021-08-07
943,214.0,913.63,2023-01-25
944,255.0,1974.61,2019-12-09
945,216.0,660.31,2021-08-08
946,408.0,1508.29,2023-10-17
947,446.0,1144.15,2022-10-04
948,151.0,1936.35,2021-11-30
949,117.0,943.56,2021-11-04
950,431.0,273.09,2020-04-16
951,192.0,540.7,2019-12-10
952,306.0,176.18,2020-09-09
953,443.0,1601.56,2020-01-26
954,162.0,,2022-07-15
955,131.0,693.98,2020-12-16
956,38.0,800.18,2020-03-04
957,360.0,773.0,2021-05-14
958,255.0,1683.72,
959,164.0,1463.56,2022-05-02
960,391.0,1532.19,
961,60.0,574.98,2021-03-15
962,244.0,1401.39,
963,337.0,461.3,2020-08-04
964,349.0,844.02,2019-11-06
965,354.0,,
966,216.0,1585.74,2023-06-30
967,478.0,1536.65,
968,220.0,,2022-11-08
969,498.0,616.72,2020-01-26
970,164.0,1256.52,2020-09-30
971,444.0,715.67,2021-03-08
972,203.0,758.41,2023-02-05
973,264.0,239.85,2024-05-02
974,251.0,,2022-03-15
975,54.0,,2023-04-24
976,272.0,1341.08,2024-07-13
977,35.0,441.55,2023-11-27
978,123.0,360.16,2023-03-02
979,476.0,1687.89,2022-07-28
980,493.0,1237.35,2021-10-26
981,298.0,330.77,2023-05-09
982,261.0,1078.06,2020-11-20
983,112.0,501.01,2023-12-12
984,337.0,1786.87,2022-12-03
985,448.0,911.29,2024-03-14
986,364.0,100.73,2020-01-12
987,87.0,,2024-05-13
988,133.0,,
989,343.0,1500.62,2020-06-23
990,95.0,1201.38,2023-12-12
991,166.0,,2020-09-04
992,291.0,1862.57,2021-08-20
993,211.0,,2022-01-09
994,217.0,474.48,
995,372.0,1794.6,2021-05-15
996,456.0,1140.28,
997,154.0,625.0,2023-11-28
998,345.0,1460.95,2023-11-23
999,342.0,573.13,2022-09-07
1000,217.0,216.75,2024-02-29
1001,,1535.53,2021-10-11
1002,221.0,1578.03,2023-05-03
1003,233.0,752.69,2023-10-31
1004,156.0,1881.66,2024-06-08
1005,14.0,1357.7,2019-10-11
1006,377.0,1575.84,2023-08-31
1007,56.0,929.17,2023-07-01
1008,79.0,279.17,
1009,107.0,1487.93,2022-11-09
1010,54.0,970.11,2024-04-29
1011,,1204.64,2021-02-14
1012,335.0,1835.78,2023-08-12
1013,355.0,,2024-04-17
1014,286.0,177.71,2023-02-20
1015,354.0,1791.38,2019-09-26
1016,191.0,270.72,2024-08-05
1017,129.0,1991.3,2020-10-06
1018,302.0,855.65,2021-01-25
1019,364.0,326.8,
1020,465.0,1304.49,2020-09-28
1021,173.0,952.99,2020-03-02
1022,416.0,1642.36,2022-09-04
1023,500.0,969.53,2024-04-25
1024,153.0,969.94,2023-10-04
1025,431.0,1964.33,2023-08-18
1026,374.0,1112.24,2021-11-10
1027,171.0,1198.79,2021-07-12
1028,312.0,1073.64,2023-07-12
1029,30.0,1216.06,
1030,44.0,1464.2,2023-10-28
1031,39.0,866.68,2021-09-13
1032,352.0,1153.31,2022-01-28
1033,498.0,1090.87,
1034,430.0,1197.7,2019-11-27
1035,476.0,1848.5,2020-04-19
1036,73.0,683.02,2024-08-04
1037,19.0,343.5,2022-03-27
1038,194.0,1665.71,
1039,333.0,599.03,2024-02-06
1040,,1835.92,2020-12-25
1041,230.0,363.9,2023-09-04
1042,493.0,522.29,2019-09-24
1043,126.0,1942.17,
1044,293.0,1429.17,2022-12-01
1045,457.0,1170.19,2021-11-11
1046,4.0,1323.42,2023-09-03
1047,210.0,773.3,2021-02-15
1048,1.0,792.12,2021-10-27
1049,457.0,1823.15,2022-04-04
1050,101.0,1592.85,2020-10-17
1051,222.0,510.08,2024-03-05
1052,290.0,869.47,2022-12-10
1053,193.0,158.9,2024-02-19
1054,354.0,915.73,2019-09-17
1055,497.0,773.43,2020-05-16
1056,346.0,1274.86,2022-03-16
1057,,593.5,2023-06-21
1058,467.0,166.13,2024-03-10
1059,30.0,1197.32,2020-06-04
1060,47.0,322.87,2024-04-17
1061,255.0,885.33,2023-04-22
1062,54.0,404.06,2019-11-13
1063,356.0,199.74,2021-06-19
1064,42.0,568.21,2019-11-05
1065,249.0,853.63,2021-10-23
1066,209.0,1462.31,2022-08-30
1067,494.0,1478.26,2022-01-01
1068,183.0,1279.12,2021-01-09
1069,278.0,,2020-05-13
1070,127.0,,
1071,258.0,755.27,2022-02-02
1072,100.0,512.48,2020-07-13
1073,271.0,381.92,2020-04-06
1074,347.0,700.73,2023-12-22
1075,392.0,1852.51,
1076,263.0,1313.22,2021-02-01
1077,303.0,870.11,2021-02-24
1078,86.0,1561.99,2023-10-17
1079,12.0,1156.99,2020-03-30
1080,270.0,1114.43,2020-02-06
1081,281.0,,
1082,27.0,971.37,2024-03-19
1083,172.0,1666.26,2021-03-21
1084,385.0,1065.64,
1085,256.0,1256.37,2021-09-11
1086,,1802.15,2022-08-15
1087,26.0,1222.64,2024-02-21
1088,125.0,978.9,2020-06-01
1089,491.0,1489.42,
1090,270.0,1046.95,2024-02-23
1091,229.0,1996.29,2022-12-20
1092,295.0,,
1093,317.0,327.41,2020-05-19
1094,,1567.02,
1095,437.0,466.62,2019-10-12
1096,177.0,1914.71,2020-02-08
1097,39.0,488.93,2022-04-02
1098,372.0,1965.67,
1099,287.0,1102.05,2023-08-29
1100,301.0,574.7,2023-08-27
1101,460.0,1254.84,
1102,461.0,619.9,
1103,229.0,867.94,2022-09-26
1104,318.0,617.31,2023-05-08
1105,495.0,1806.29,2022-01-15
1106,65.0,1558.89,2020-06-21
1107,393.0,1201.86,2022-08-22
1108,136.0,812.48,2024-04-28
1109,311.0,879.9,2024-01-03
1110,,409.46,2021-05-25
1111,180.0,1311.79,
1112,436.0,496.87,2019-12-13
1113,197.0,1666.93,2021-09-17
1114,36.0,733.54,2024-08-06
1115,291.0,,2021-11-06
1116,190.0,1457.82,2023-12-30
1117,170.0,241.07,2023-04-26
1118,292.0,1472.59,2022-12-29
1119,197.0,806.43,2019-11-18
1120,413.0,670.73,2019-12-12
1121,136.0,1340.73,2021-10-22
1122,299.0,1191.85,2022-06-09
1123,321.0,170.92,2020-07-12
1124,14.0,652.28,2023-06-26
1125,54.0,1455.78,2022-07-30
1126,111.0,253.79,2022-11-12
1127,304.0,1439.06,2023-07-27
1128,,969.53,
1129,337.0,492.38,2021-07-06
1130,159.0,1355.08,2020-12-04
1131,363.0,,2021-02-15
1132,63.0,296.29,2023-03-25
1133,360.0,863.75,2021-03-19
1134,63.0,135.9,2021-05-21
1135,351.0,673.79,
1136,222.0,412.62,2023-07-12
1137,257.0,,
1138,373.0,384.42,2019-10-20
1139,272.0,438.05,2023-05-26
1140,10.0,1137.16,2021-01-08
1141,160.0,493.57,2020-09-23
1142,426.0,1534.04,2020-05-19
1143,439.0,1871.96,2024-02-11
1144,55.0,940.25,2023-12-03
1145,,336.4,2020-11-09
1146,446.0,203.95,2020-02-06
1147,273.0,337.23,2023-02-05
1148,273.0,1641.15,2020-09-30
1149,81.0,299.71,2022-09-18
1150,12.0,1138.77,2022-07-19
1151,467.0,1158.0,2022-08-20
1152,400.0,,2023-08-09
1153,28.0,377.72,2023-01-03
1154,441.0,1893.09,2021-12-12
1155,451.0,295.15,2021-10-01
1156,312.0,998.22,2023-11-08
1157,19.0,350.38,2019-12-09
1158,283.0,1459.42,2020-07-02
1159,4.0,1834.34,2020-01-15
1160,166.0,237.14,2021-08-22
1161,401.0,1106.29,2019-10-01
1162,155.0,1371.55,2023-07-09
1163,113.0,1336.28,
1164,259.0,1214.25,2020-06-05
1165,257.0,1180.35,
1166,342.0,1801.15,2022-05-11
1167,438.0,1555.16,
1168,365.0,591.41,2023-10-04
1169,60.0,291.56,2019-09-18
1170,259.0,405.63,2023-12-31
1171,328.0,1092.12,2023-04-11
1172,423.0,1657.93,2023-07-16
1173,6.0,152.49,2022-07-02
1174,268.0,,2024-07-07
1175,209.0,1510.36,2022-01-10
1176,331.0,1071.5,2022-06-28
1177,301.0,566.17,2021-08-16
1178,108.0,659.9,2021-08-26
1179,270.0,1964.77,2023-01-16
1180,4.0,1759.8,2023-11-15
1181,220.0,1821.31,
1182,208.0,924.36,2023-01-14
1183,47.0,1392.49,
1184,48.0,250.41,2023-04-01
1185,258.0,1068.75,2020-08-16
1186,390.0,445.22,2020-01-21
1187,73.0,946.99,2020-08-02
1188,209.0,690.12,2020-01-27
1189,201.0,1191.29,2020-03-15
1190,243.0,806.8,2022-08-15
1191,46.0,1155.16,2020-08-02
1192,377.0,101.33,2023-10-25
1193,482.0,420.02,2022-02-07
1194,300.0,1034.37,2021-07-08
1195,210.0,981.07,2023-12-31
1196,409.0,1677.35,2022-12-16
1197,76.0,1509.7,2024-08-11
1198,,1376.61,2024-06-02
1199,,438.91,2019-10-20
1200,485.0,1314.56,2022-09-14
1201,213.0,672.26,2020-07-02
1202,47.0,150.95,
1203,470.0,,2022-03-30
1204,,1329.13,
1205,407.0,418.11,
1206,344.0,1107.1,2021-12-13
1207,384.0,1825.23,2023-06-01
1208,90.0,909.24,2019-12-25
1209,49.0,139.7,2020-12-07
1210,327.0,645.43,
1211,,1368.77,2023-06-23
1212,262.0,1065.75,
1213,,1117.8,
1214,136.0,1423.33,2022-08-27
1215,464.0,412.02,2023-08-28
1216,224.0,1097.32,2021-07-25
1217,49.0,377.85,2020-10-06
1218,,1138.88,2020-04-28
1219,214.0,435.46,2020-11-27
1220,335.0,380.74,
1221,403.0,,2020-10-18
1222,38.0,1322.65,2023-07-30
1223,7.0,,2023-10-15
1224,113.0,1074.55,
1225,396.0,1057.64,2021-09-21
1226,212.0,425.57,2024-05-20
1227,499.0,937.74,
1228,274.0,1105.52,2024-05-26
1229,457.0,121.21,2021-11-19
1230,203.0,1959.06,2024-05-12
1231,370.0,794.89,2022-08-18
1232,338.0,1512.78,2023-11-24
1233,366.0,1347.99,2020-06-17
1234,296.0,1645.7,2020-12-20
1235,486.0,1062.0,2023-09-16
1236,175.0,1625.09,2021-12-27
1237,243.0,111.94,2020-10-02
1238,115.0,752.04,2022-07-06
1239,59.0,672.09,2024-03-07
1240,284.0,1478.81,
1241,47.0,535.24,2022-06-04
1242,298.0,1438.08,2024-01-11
1243,496.0,218.43,2023-11-19
1244,146.0,435.06,2019-11-11
1245,146.0,1480.96,2020-10-22
1246,315.0,710.15,2024-01-14
1247,98.0,926.79,2022-03-31
1248,398.0,1537.61,2022-09-26
1249,159.0,499.61,2021-08-07
1250,357.0,,2024-08-18
1251,,1562.47,2019-10-30
1252,389.0,951.93,2020-09-19
1253,264.0,1405.26,2021-03-14
1254,167.0,1619.86,2022-04-05
1255,19.0,,2020-05-04
1256,453.0,1845.53,2023-10-01
1257,165.0,545.24,2022-01-02
1258,351.0,1304.26,2022-12-29
1259,137.0,1295.19,2021-11-03
1260,38.0,1254.54,2023-04-30
1261,127.0,909.83,2024-05-02
1262,145.0,1191.09,2019-12-24
1263,417.0,1609.05,2023-07-03
1264,97.0,349.68,
1265,184.0,470.28,
1266,475.0,347.42,2023-11-20
1267,2.0,,
1268,164.0,,2021-07-02
1269,87.0,176.76,2023-12-13
1270,406.0,308.2,2022-12-21
1271,384.0,1216.74,
1272,95.0,964.85,2024-03-17
1273,104.0,1597.57,2021-10-02
1274,67.0,1496.7,2020-02-13
1275,99.0,,2024-08-20
1276,389.0,1069.55,2024-03-20
1277,418.0,1456.72,
1278,143.0,1148.89,2024-08-28
1279,94.0,989.92,
1280,158.0,904.33,2022-03-13
1281,330.0,511.19,2024-01-18
1282,322.0,,2023-02-13
1283,247.0,1516.36,2024-04-19
1284,54.0,1040.56,2021-05-30
1285,58.0,1736.59,2020-10-29
1286,342.0,1055.28,2024-04-27
1287,124.0,358.86,2021-05-24
1288,430.0,376.11,
1289,442.0,245.45,2024-02-19
1290,332.0,,2024-03-04
1291,446.0,1535.89,2021-11-21
1292,328.0,,2022-10-09
1293,390.0,1110.4,2021-11-30
1294,307.0,226.22,2023-01-25
1295,265.0,1131.68,2022-04-21
1296,278.0,228.41,2022-08-16
1297,363.0,863.76,2020-12-05
1298,395.0,176.88,2023-03-15
1299,105.0,124.7,2023-05-05
1300,355.0,1511.78,
1301,361.0,886.84,2023-08-18
1302,371.0,260.24,2019-09-21
1303,193.0,1822.75,2020-04-11
1304,35.0,817.15,2023-12-25
1305,261.0,1399.91,2022-07-13
1306,378.0,1848.12,
1307,151.0,1522.05,2022-10-06
1308,499.0,1790.59,2024-03-18
1309,160.0,787.52,2024-04-21
1310,470.0,1981.88,2023-11-01
1311,46.0,1629.5,2020-03-03
1312,218.0,,2022-03-21
1313,177.0,481.2,2020-02-29
1314,477.0,1779.31,2023-04-23
1315,109.0,1592.55,2021-03-23
1316,,1178.02,2023-03-16
1317,403.0,1491.68,2020-07-04
1318,361.0,788.63,
1319,295.0,1096.43,2021-02-10
1320,373.0,1463.85,2021-10-09
1321,313.0,,2021-01-26
1322,25.0,1286.06,2023-10-01
1323,185.0,972.22,2020-08-07
1324,285.0,1650.14,2023-01-02
1325,478.0,,2020-06-16
1326,296.0,179.87,2020-08-18
1327,418.0,687.39,2019-12-16
1328,150.0,255.71,2022-09-04
1329,268.0,1290.65,2024-05-30
1330,281.0,682.77,2021-03-09
1331,221.0,1278.94,
1332,354.0,1399.38,2024-04-11
1333,10.0,417.58,2021-12-01
1334,18.0,1238.96,2021-07-22
1335,35.0,311.78,2020-11-12
1336,280.0,1306.41,
1337,440.0,708.95,2024-08-05
1338,310.0,188.79,2021-02-09
1339,481.0,1807.91,2020-05-28
1340,284.0,829.31,
1341,346.0,280.54,2021-02-06
1342,376.0,1929.61,2020-03-12
1343,401.0,1969.86,2019-11-14
1344,47.0,110.56,
1345,263.0,,2019-09-28
1346,409.0,1532.8,2021-08-28
1347,279.0,1928.1,
1348,289.0,1087.38,2021-07-31
1349,,1842.98,2022-01-29
1350,137.0,1378.6,2020-06-15
1351,274.0,1489.27,
1352,146.0,922.52,2020-10-22
1353,383.0,514.96,2022-07-11
1354,240.0,534.98,2022-02-15
1355,13.0,559.23,2023-10-14
1356,490.0,1886.51,2023-08-19
1357,369.0,818.26,2024-04-21
1358,21.0,784.17,2022-04-27
1359,157.0,969.63,2023-01-22
1360,64.0,588.88,2021-04-05
1361,399.0,635.84,2019-12-22
1362,411.0,1620.87,2022-03-13
1363,229.0,1941.98,2022-06-09
1364,78.0,1318.21,2022-10-01
1365,166.0,1079.84,2024-08-24
1366,447.0,110.56,2023-08-15
1367,354.0,568.96,2019-12-15
1368,375.0,678.68,2021-08-05
1369,108.0,1204.92,
1370,163.0,1242.4,2019-09-28
1371,489.0,795.21,2021-09-11
1372,40.0,1764.15,2022-12-23
1373,335.0,530.95,
1374,398.0,1313.36,2022-09-14
1375,168.0,175.55,2024-04-28
1376,56.0,1275.69,2020-05-18
1377,170.0,870.06,2022-06-27
1378,372.0,1939.53,2023-11-09
1379,,822.72,
1380,341.0,254.21,2020-03-09
1381,243.0,1132.06,2024-01-18
1382,176.0,518.71,2020-07-17
1383,212.0,1880.12,2020-02-25
1384,55.0,265.59,2023-09-27
1385,199.0,898.72,2020-10-18
1386,277.0,,2022-10-29
1387,63.0,256.35,2023-01-26
1388,339.0,1813.5,2023-02-05
1389,218.0,300.81,2023-08-03
1390,305.0,192.53,2020-05-06
1391,37.0,642.4,2020-11-30
1392,405.0,976.49,2020-11-27
1393,390.0,963.97,
1394,177.0,993.27,2020-05-12
1395,374.0,974.64,2024-03-25
1396,222.0,989.18,
1397,63.0,1812.51,2022-12-31
1398,322.0,1425.34,2022-03-06
1399,186.0,539.71,2023-03-24
1400,219.0,429.14,2020-12-28
1401,481.0,1935.95,2021-04-22
1402,289.0,,2023-04-03
1403,238.0,914.84,2021-01-30
1404,106.0,1766.05,2023-08-24
1405,445.0,1819.6,2020-03-24
1406,132.0,1478.26,2021-06-04
1407,473.0,1209.33,2020-11-07
1408,110.0,326.86,2021-06-06
1409,121.0,1759.25,2020-07-14
1410,50.0,1578.8,2022-03-18
1411,173.0,575.67,2023-01-15
1412,161.0,1435.49,2023-10-07
1413,177.0,1562.8,2020-02-11
1414,312.0,,2020-07-21
1415,32.0,774.62,2021-06-01
1416,138.0,1535.0,
1417,296.0,467.15,2022-03-04
1418,71.0,663.91,2022-09-08
1419,160.0,1916.27,2022-08-29
1420,,102.4,
1421,346.0,1142.04,2022-08-02
1422,406.0,761.78,
1423,272.0,162.88,2023-11-05
1424,34.0,1725.84,2022-03-27
1425,449.0,,
1426,379.0,1931.36,2024-01-03
1427,271.0,1998.81,2024-06-06
1428,18.0,1717.18,
1429,263.0,459.0,
1430,49.0,1152.45,2021-12-20
1431,461.0,864.16,2020-02-11
1432,460.0,1530.48,
1433,93.0,1594.7,2020-05-10
1434,28.0,1328.18,
1435,269.0,1836.39,2024-09-09
1436,22.0,1893.37,2020-01-28
1437,401.0,1940.07,2021-11-12
1438,392.0,1616.01,2021-08-25
1439,148.0,1495.71,2022-08-04
1440,220.0,402.55,2019-11-01
1441,229.0,111.26,2023-11-20
1442,101.0,717.78,2022-11-11
1443,276.0,169.74,2024-07-25
1444,478.0,1713.46,2024-09-06
1445,109.0,674.21,2020-07-11
1446,467.0,574.56,
1447,494.0,1690.87,2022-07-04
1448,452.0,643.12,
1449,41.0,1484.02,2020-02-01
1450,135.0,1742.58,2024-06-20
1451,499.0,,2022-05-06
1452,351.0,652.84,2020-10-25
1453,357.0,1792.52,2021-11-09
1454,418.0,,2019-10-25
1455,15.0,,
1456,323.0,472.97,2024-07-25
1457,251.0,1139.68,2021-12-30
1458,159.0,1770.88,2021-02-26
1459,87.0,236.08,2023-09-28
1460,277.0,565.93,2023-05-14
1461,182.0,1638.1,2020-08-09
1462,230.0,1269.09,
1463,298.0,1647.19,2024-02-14
1464,461.0,1141.74,2020-01-30
1465,,576.87,2020-10-25
1466,451.0,,2024-03-21
1467,163.0,689.58,2020-04-03
1468,359.0,1814.31,2024-03-17
1469,206.0,728.63,
1470,127.0,306.86,2021-03-26
1471,455.0,1841.05,
1472,463.0,567.99,
1473,46.0,1110.41,2019-12-25
1474,329.0,970.36,2022-09-18
1475,383.0,1395.48,
1476,195.0,,
1477,429.0,1902.04,2021-08-15
1478,417.0,1151.52,2021-01-31
1479,129.0,521.77,2023-05-04
1480,195.0,543.42,2019-10-22
1481,185.0,513.59,2023-01-03
1482,320.0,1455.15,2022-01-25
1483,145.0,722.29,2021-11-30
1484,294.0,928.6,2021-06-21
1485,272.0,160.39,2022-02-18
1486,119.0,1348.52,2021-07-27
1487,89.0,1701.55,2024-07-15
1488,346.0,508.24,2023-10-15
1489,,609.77,2023-01-13
1490,170.0,1413.0,2024-07-12
1491,,816.8,2019-11-14
1492,321.0,449.73,2023-02-24
1493,215.0,217.13,2023-05-22
1494,422.0,,
1495,209.0,1848.69,2020-07-23
1496,203.0,592.92,2024-04-11
1497,290.0,1114.03,2019-11-17
1498,49.0,465.25,2022-07-10
1499,404.0,1380.51,2022-02-28
1500,,451.94,2024-02-13
1501,245.0,389.79,2020-07-15
1502,296.0,761.12,2019-10-23
1503,371.0,497.38,
1504,364.0,783.43,2024-04-25
1505,144.0,938.97,2021-12-15
1506,206.0,1243.58,2023-05-08
1507,446.0,1392.89,2023-05-02
1508,474.0,959.08,
1509,244.0,1745.11,2024-06-04
1510,121.0,600.07,2021-03-04
1511,115.0,1684.95,2020-03-10
1512,56.0,1640.66,2019-12-25
1513,410.0,520.12,
1514,72.0,1710.24,2019-11-11
1515,252.0,362.15,2023-05-17
1516,208.0,1742.53,
1517,262.0,183.56,2022-04-06
1518,30.0,124.05,2023-06-17
1519,190.0,494.59,2022-01-28
1520,438.0,522.24,2024-08-23
1521,299.0,1292.19,2022-10-03
1522,382.0,1070.69,2023-03-26
1523,359.0,189.53,2021-01-22
1524,322.0,792.17,2020-09-26
1525,4.0,201.79,2024-02-03
1526,277.0,346.62,2023-12-24
1527,128.0,1605.56,2021-04-15
1528,151.0,1937.84,2021-08-16
1529,262.0,,2022-11-04
1530,,434.04,2022-07-18
1531,460.0,1249.88,
1532,370.0,1437.04,2023-06-09
1533,299.0,1498.43,2022-04-24
1534,227.0,361.01,2021-10-30
1535,117.0,1792.01,2020-02-15
1536,267.0,279.06,
1537,,1333.6,2023-10-05
1538,242.0,1425.59,2020-01-03
1539,,539.19,2023-03-30
1540,251.0,199.66,2021-08-28
1541,167.0,1826.03,2024-07-29
1542,27.0,1897.85,2023-12-24
1543,182.0,,2024-01-04
1544,,1318.72,2022-01-15
1545,123.0,1944.73,2024-04-04
1546,60.0,1321.66,2024-02-21
1547,223.0,1193.03,2024-01-11
1548,145.0,,2021-05-31
1549,450.0,895.19,2022-06-25
1550,335.0,175.59,2022-06-28
1551,292.0,369.09,2019-12-17
1552,113.0,1370.49,2020-11-20
1553,403.0,695.62,2022-08-17
1554,156.0,1386.82,2020-04-24
1555,318.0,204.09,2022-09-28
1556,26.0,277.38,2024-02-06
1557,3.0,1388.36,2020-01-14
1558,,107.67,2023-11-25
1559,29.0,363.54,2020-11-19
1560,393.0,416.9,2022-05-19
1561,280.0,441.7,2023-09-03
1562,364.0,953.39,2020-07-19
1563,154.0,645.27,2022-06-16
1564,304.0,1213.44,2022-03-12
1565,73.0,1118.02,
1566,311.0,1758.67,2022-12-01
1567,235.0,1488.83,2020-01-17
1568,258.0,1091.99,2021-07-31
1569,328.0,,2021-09-20
1570,372.0,,2022-07-15
1571,312.0,720.32,2021-03-11
1572,24.0,1412.08,2020-03-15
1573,192.0,1677.51,2022-07-25
1574,117.0,382.5,
1575,473.0,1099.62,2022-08-08
1576,434.0,1846.88,2020-02-29
1577,7.0,1301.68,2022-11-15
1578,315.0,827.96,2024-02-13
1579,45.0,1837.51,2023-01-11
1580,141.0,325.44,2022-04-09
1581,311.0,1020.22,2020-07-11
1582,329.0,1247.46,2023-02-25
1583,32.0,,
1584,178.0,1677.86,
1585,439.0,336.43,2020-02-17
1586,233.0,1288.33,2022-11-03
1587,318.0,1654.37,2020-04-08
1588,,1992.09,2021-04-27
1589,182.0,134.11,2022-08-27
1590,12.0,1698.28,2024-05-10
1591,250.0,981.9,2020-03-30
1592,133.0,1212.6,2022-07-07
1593,185.0,230.15,
1594,141.0,1533.14,2023-05-12
1595,46.0,939.04,2020-12-05
1596,215.0,1609.54,2020-09-12
1597,75.0,1804.57,2020-05-04
1598,75.0,1408.94,2021-06-05
1599,297.0,1816.45,2020-02-23
1600,21.0,244.42,2022-02-03
1601,,1870.69,2023-08-05
1602,216.0,759.98,2020-04-07
1603,267.0,1203.83,2020-11-25
1604,121.0,180.36,2022-09-14
1605,133.0,701.68,2020-09-23
1606,283.0,1555.52,2023-03-26
1607,376.0,131.17,2021-05-12
1608,330.0,1759.38,2023-12-03
1609,,1785.66,2021-11-26
1610,384.0,1004.87,2022-01-16
1611,40.0,427.55,2024-05-31
1612,251.0,1491.98,2022-07-15
1613,96.0,1703.46,2020-11-30
1614,187.0,1551.96,2020-02-12
1615,459.0,494.48,2024-05-15
1616,469.0,1004.46,2020-04-15
1617,23.0,1333.55,2023-04-04
1618,155.0,,2021-04-08
1619,44.0,1261.81,2022-09-18
1620,252.0,,2024-07-29
1621,85.0,1470.67,2020-12-06
1622,194.0,768.74,2021-01-25
1623,150.0,471.45,2019-10-26
1624,64.0,532.57,2023-05-10
1625,307.0,380.65,2023-03-29
1626,429.0,1968.3,2022-12-31
1627,179.0,900.1,2021-07-24
1628,411.0,1074.27,2020-10-01
1629,,1117.03,2019-12-11
1630,329.0,1376.34,
1631,424.0,1430.08,2022-07-11
1632,465.0,,2023-12-09
1633,452.0,1895.03,2023-06-12
1634,332.0,1926.33,2021-02-04
1635,,911.78,
1636,433.0,534.02,2020-06-09
1637,403.0,1308.49,2024-01-28
1638,352.0,896.54,
1639,490.0,1768.95,2023-08-22
1640,204.0,542.22,2020-06-20
1641,491.0,1547.3,2022-06-09
1642,398.0,1518.8,2024-02-19
1643,,1888.07,2019-11-17
1644,326.0,118.76,2023-06-12
1645,363.0,1917.74,2021-08-03
1646,477.0,528.59,2022-09-29
1647,22.0,1119.46,2021-08-14
1648,50.0,477.0,
1649,422.0,1444.03,2021-10-25
1650,72.0,907.05,2022-03-06
1651,492.0,,2022-01-12
1652,415.0,257.46,2023-02-26
1653,452.0,1431.93,2022-10-10
1654,262.0,994.69,2022-11-12
1655,340.0,1731.9,2020-08-27
1656,20.0,275.82,
1657,465.0,140.6,2022-08-07
1658,173.0,1051.03,2021-05-21
1659,320.0,268.47,2021-09-27
1660,213.0,1256.52,2022-05-22
1661,268.0,430.49,2022-04-15
1662,275.0,1625.11,2021-01-10
1663,230.0,1064.74,
1664,164.0,,2021-01-12
1665,472.0,1121.18,2023-11-26
1666,405.0,1983.85,2022-07-02
1667,95.0,,2023-12-18
1668,472.0,1779.61,2024-06-25
1669,230.0,140.22,2019-11-30
1670,244.0,526.19,2021-12-02
1671,252.0,422.15,2023-11-22
1672,277.0,1086.7,2022-01-15
1673,112.0,1804.41,
1674,247.0,142.06,2022-05-07
1675,171.0,1460.21,2021-11-03
1676,324.0,104.09,2020-07-11
1677,,848.59,2024-07-29
1678,236.0,1661.56,2019-10-25
1679,130.0,,
1680,293.0,1917.5,2022-12-23
1681,435.0,415.64,2022-01-03
1682,3.0,1515.79,2022-05-08
1683,142.0,1434.31,
1684,120.0,1408.04,2022-06-27
1685,180.0,254.73,2023-11-10
1686,275.0,1203.72,2022-12-09
1687,54.0,916.39,2024-07-24
1688,35.0,864.32,2024-08-06
1689,164.0,1293.3,2020-07-20
1690,408.0,241.36,2023-05-08
1691,449.0,829.45,2022-11-16
1692,228.0,1538.65,2021-10-18
1693,221.0,317.36,
1694,108.0,860.09,
1695,277.0,337.25,2024-06-14
1696,261.0,209.29,2020-01-15
1697,438.0,394.22,2020-04-17
1698,247.0,339.01,2020-08-22
1699,293.0,1243.44,2023-06-12
1700,22.0,1171.55,2021-08-23
1701,,1445.49,2020-03-30
1702,134.0,366.88,2020-09-25
1703,32.0,301.86,2021-10-28
1704,221.0,1345.44,2022-11-28
1705,454.0,895.88,
1706,254.0,284.42,2023-09-03
1707,500.0,803.82,2021-03-17
1708,498.0,1634.8,
1709,228.0,1175.29,2019-10-11
1710,50.0,778.23,2023-08-20
1711,162.0,1554.79,2024-01-28
1712,18.0,1770.35,2020-03-03
1713,7.0,226.79,2021-07-09
1714,462.0,1298.41,2023-02-18
1715,40.0,1142.58,2021-03-17
1716,306.0,1185.52,2024-05-07
1717,3.0,1435.07,2023-06-04
1718,411.0,649.99,
1719,360.0,548.42,2021-07-02
1720,248.0,739.4,2021-05-29
1721,,1902.76,
1722,,1925.86,2021-10-29
1723,443.0,500.67,2020-04-11
1724,401.0,1833.04,2020-07-17
1725,356.0,897.19,2024-08-03
1726,286.0,363.91,
1727,477.0,215.36,2021-07-22
1728,4.0,270.29,
1729,147.0,1591.42,2022-08-10
1730,29.0,330.62,2023-11-27
1731,276.0,156.8,2023-03-30
1732,62.0,703.84,2022-05-31
1733,233.0,1774.28,2021-12-05
1734,363.0,923.91,2019-09-24
1735,228.0,1230.73,
1736,218.0,100.62,2020-02-13
1737,140.0,1936.22,2021-04-13
1738,,1849.13,
1739,250.0,506.83,2022-06-12
1740,177.0,1819.18,2020-10-07
1741,,145.2,2023-12-05
1742,143.0,,2021-04-28
1743,214.0,1904.26,2022-05-08
1744,469.0,129.77,2022-10-27
1745,355.0,1351.69,2021-10-21
1746,124.0,509.29,2021-04-26
1747,81.0,1913.54,
1748,67.0,170.88,2023-05-23
1749,472.0,1598.17,2020-07-31
1750,475.0,1257.23,2022-11-05
1751,423.0,1788.48,2020-06-09
1752,142.0,324.76,2022-01-05
1753,84.0,508.45,2020-11-03
1754,339.0,464.53,2020-02-03
1755,360.0,1136.53,2022-04-02
1756,175.0,1363.27,2020-08-07
1757,24.0,1263.42,
1758,255.0,320.82,2023-01-01
1759,157.0,418.29,2021-05-31
1760,358.0,701.37,2022-11-03
1761,59.0,1464.69,2022-07-06
1762,106.0,1099.5,
1763,210.0,1904.99,2020-02-12
1764,132.0,1929.69,2021-09-06
1765,393.0,1597.79,2020-06-13
1766,410.0,628.84,2022-03-15
1767,325.0,496.16,2024-06-15
1768,124.0,128.73,2021-07-17
1769,,941.2,2024-06-08
1770,280.0,612.18,2023-12-13
1771,213.0,1614.13,2020-07-30
1772,23.0,1821.67,2021-07-19
1773,343.0,1359.87,2019-10-05
1774,196.0,1668.07,
1775,452.0,1567.61,
1776,319.0,197.13,2024-02-14
1777,354.0,1567.8,2021-07-23
1778,327.0,225.66,
1779,235.0,1778.29,2020-10-26
1780,179.0,174.32,2022-09-09
1781,21.0,839.76,2019-11-02
1782,376.0,1057.44,
1783,,163.0,2021-08-10
1784,66.0,1677.6,2022-07-30
1785,352.0,1489.12,2020-09-27
1786,480.0,1721.87,2022-08-01
1787,33.0,,2019-11-20
1788,220.0,1705.91,2019-12-24
1789,10.0,474.28,2022-12-20
1790,288.0,1259.46,
1791,116.0,770.32,2021-08-18
1792,4.0,383.56,2022-04-22
1793,467.0,1438.44,
1794,230.0,1880.33,2021-06-07
1795,289.0,746.11,2021-05-04
1796,413.0,1045.6,2022-04-16
1797,218.0,152.95,2020-05-25
1798,306.0,1148.93,2020-07-11
1799,444.0,1429.65,2023-05-17
1800,49.0,151.83,2020-07-07
1801,403.0,1475.88,2019-12-07
1802,154.0,152.65,2022-08-19
1803,29.0,615.95,
1804,251.0,598.85,
1805,238.0,1208.78,
1806,156.0,,2022-10-19
1807,37.0,1758.53,2023-10-18
1808,393.0,1726.81,2020-08-15
1809,2.0,1480.63,2019-09-20
1810,293.0,610.41,2023-05-31
1811,19.0,678.1,2023-02-06
1812,327.0,1347.36,
1813,301.0,491.34,2023-01-17
1814,443.0,1701.49,2020-02-26
1815,158.0,853.14,2020-07-28
1816,94.0,446.85,2023-04-08
1817,389.0,284.19,2023-01-22
1818,385.0,234.73,2023-08-28
1819,386.0,993.0,2022-04-02
1820,34.0,1942.81,2022-10-08
1821,435.0,214.99,2020-03-07
1822,121.0,829.86,2021-05-07
1823,406.0,421.81,2024-07-07
1824,123.0,1927.66,2020-10-31
1825,357.0,297.73,2020-07-13
1826,,1722.42,2024-02-15
1827,,301.15,2024-04-22
1828,158.0,1104.34,2021-12-22
1829,,1158.93,2021-04-28
1830,70.0,365.36,2023-10-21
1831,141.0,1387.9,2022-11-26
1832,373.0,1138.51,2022-05-18
1833,290.0,1570.13,
1834,36.0,1588.08,2019-09-23
1835,149.0,,
1836,216.0,1683.28,2023-01-08
1837,443.0,320.65,2020-05-01
1838,,449.36,
1839,401.0,1106.32,2020-04-24
1840,302.0,574.57,
1841,,590.77,2022-10-16
1842,29.0,1302.33,2023-01-15
1843,63.0,1491.78,2020-08-29
1844,329.0,1213.14,2020-06-25
1845,397.0,,2023-01-31
1846,,1951.89,
1847,83.0,1725.28,2021-12-25
1848,454.0,610.75,2021-04-04
1849,218.0,511.51,2019-12-29
1850,179.0,310.82,2020-12-25
1851,343.0,1664.88,2024-05-22
1852,192.0,1826.78,2022-04-18
1853,308.0,1153.3,2022-04-26
1854,70.0,1491.61,2019-12-01
1855,490.0,515.65,2023-12-19
1856,113.0,1989.38,2024-04-23
1857,161.0,603.83,2020-04-18
1858,495.0,1911.4,2022-08-15
1859,199.0,555.45,2022-06-23
1860,321.0,110.82,2022-05-27
1861,433.0,1117.96,2021-10-31
1862,305.0,1396.23,2021-08-14
1863,37.0,848.64,
1864,1.0,1087.24,2021-11-02
1865,249.0,1603.19,2019-11-20
1866,407.0,829.13,2021-02-27
1867,419.0,1877.75,2023-12-04
1868,169.0,1391.77,2023-12-06
1869,16.0,,2023-12-08
1870,320.0,1550.94,2023-10-13
1871,234.0,1997.71,2023-05-27
1872,152.0,1991.65,2020-02-16
1873,290.0,760.49,2021-02-18
1874,267.0,1212.54,2024-08-12
1875,180.0,1932.93,2023-03-26
1876,401.0,1514.49,2023-04-28
1877,249.0,1602.58,2021-08-20
1878,398.0,677.09,
1879,16.0,1345.32,2019-11-30
1880,28.0,666.58,2021-12-11
1881,98.0,349.57,
1882,354.0,1583.82,2020-01-22
1883,489.0,895.42,2020-09-03
1884,96.0,675.8,2022-03-24
1885,180.0,,
1886,136.0,758.87,2023-12-06
1887,182.0,144.35,
1888,351.0,812.76,
1889,275.0,1736.56,2021-01-22
1890,375.0,1614.6,
1891,189.0,1281.31,2024-06-15
1892,430.0,264.63,2019-11-24
1893,482.0,1714.79,2020-09-16
1894,260.0,1599.08,2020-04-22
1895,12.0,671.9,2023-06-10
1896,341.0,1452.68,
1897,296.0,852.54,2020-12-29
1898,332.0,1068.43,
1899,198.0,1068.26,2024-01-03
1900,184.0,1663.16,2024-02-27
1901,175.0,,2021-04-25
1902,245.0,,2021-08-08
1903,215.0,825.18,2019-12-23
1904,464.0,472.07,2021-10-24
1905,208.0,1843.8,2022-05-05
1906,41.0,1600.55,
1907,208.0,225.88,2023-08-26
1908,146.0,,2023-04-08
1909,278.0,731.75,2021-03-04
1910,,1412.62,
1911,393.0,1846.77,
1912,193.0,1269.89,2020-01-01
1913,341.0,101.51,
1914,356.0,463.01,2023-12-16
1915,203.0,,2020-04-11
1916,359.0,1896.37,
1917,325.0,1045.84,2021-08-04
1918,138.0,1473.73,2024-06-16
1919,39.0,1333.49,2019-10-17
1920,292.0,803.71,2024-04-18
1921,72.0,1296.01,
1922,244.0,1620.23,2020-01-30
1923,363.0,,2020-04-29
1924,251.0,1165.44,
1925,386.0,1594.6,2021-01-09
1926,268.0,1105.49,2021-08-08
1927,186.0,294.83,2022-12-20
1928,36.0,146.09,
1929,487.0,240.3,2021-12-11
1930,87.0,1544.21,2021-01-27
1931,240.0,1124.58,
1932,375.0,,2022-05-15
1933,54.0,,2023-03-12
1934,166.0,,2024-01-08
1935,268.0,,2020-05-03
1936,42.0,1924.68,2022-01-15
1937,,918.07,2022-05-12
1938,276.0,1700.34,2022-02-20
1939,340.0,,2021-09-30
1940,481.0,,2022-03-08
1941,446.0,,2024-05-29
1942,64.0,1678.44,2020-12-06
1943,243.0,1991.72,2023-02-04
1944,48.0,,
1945,486.0,1320.09,2022-07-22
1946,183.0,1612.68,2024-03-12
1947,86.0,1445.22,2022-10-25
1948,58.0,942.98,2023-07-08
1949,186.0,420.71,2024-03-05
1950,361.0,1680.69,2024-04-03
1951,129.0,878.7,
1952,383.0,592.75,2022-08-11
1953,106.0,663.65,2021-02-02
1954,,105.25,2019-12-24
1955,305.0,1182.68,2020-09-26
1956,78.0,217.14,
1957,252.0,1805.5,2020-08-11
1958,209.0,429.23,2023-03-15
1959,381.0,1969.11,2019-09-23
1960,84.0,1427.57,2020-12-25
1961,272.0,540.87,2023-06-13
1962,412.0,1483.65,2019-11-07
1963,169.0,114.37,
1964,8.0,597.65,2020-08-27
1965,81.0,1423.37,2021-02-05
1966,89.0,,2022-03-03
1967,192.0,1404.9,2022-07-29
1968,330.0,527.64,2021-05-11
1969,156.0,409.16,
1970,382.0,1067.95,2022-04-22
1971,77.0,1028.21,2021-02-01
1972,10.0,1507.0,2022-06-28
1973,479.0,144.32,2024-09-12
1974,321.0,197.14,2023-09-07
1975,326.0,1945.81,2020-10-29
1976,,1103.47,2022-11-28
1977,51.0,888.51,2024-07-08
1978,49.0,1270.27,2023-09-17
1979,163.0,810.58,2022-04-22
1980,93.0,,2020-01-11
1981,448.0,,
1982,328.0,1415.91,2019-12-29
1983,349.0,350.52,2019-12-19
1984,453.0,992.6,2020-08-03
1985,204.0,1543.19,
1986,313.0,218.82,
1987,145.0,524.2,2022-01-08
1988,186.0,1164.45,2019-11-16
1989,9.0,1406.26,2019-11-10
1990,61.0,439.42,
1991,78.0,,2023-04-11
1992,337.0,120.18,2024-03-23
1993,69.0,464.69,2021-01-18
1994,493.0,692.67,2021-05-22
1995,339.0,857.41,2024-05-10
1996,34.0,1748.3,2022-04-10
1997,446.0,597.89,2021-07-20
1998,409.0,,2023-09-24
1999,388.0,142.37,2021-04-09
2000,392.0,934.2,2021-09-28
